q212813,d_income,d_bodytype,d_age,race,gender,p_kinky,p_artsy,p_scien,d_religion_type
Liberal / Left-wing,"$100,000-$150,000",Average,31.0,Indian,Man,-15.0,-33.0,17.0,Agnosticism
Liberal / Left-wing,"$20,000-$30,000",Average,28.0,Asian,Man,-60.0,-18.0,-57.0,Islam
Liberal / Left-wing,"$100,000-$150,000",Average,33.0,Mixed,Man,-27.0,-40.0,53.0,Christianity
Centrist,"Less than $20,000",A little extra,27.0,White,Man,-59.0,62.0,42.0,Agnosticism
Liberal / Left-wing,"$20,000-$30,000",Average,28.0,White,Man,47.0,62.0,19.0,Atheism
Liberal / Left-wing,"$50,000-$60,000",Athletic,29.0,Mixed,Man,-4.0,-42.0,45.0,Atheism
Liberal / Left-wing,"Less than $20,000",Fit,23.0,White,Woman,41.0,58.0,15.0,Atheism
Liberal / Left-wing,"Less than $20,000",Average,19.0,White,Woman,17.0,73.0,-27.0,Agnosticism
Liberal / Left-wing,"$250,000-$500,000",Jacked,26.0,White,Man,-5.0,15.0,40.0,Atheism
Conservative / Right-wing,"$20,000-$30,000",Average,43.0,White,Man,-59.0,-25.0,-29.0,Christianity
Liberal / Left-wing,"$60,000-$70,000",Athletic,36.0,White,Woman,53.0,21.0,26.0,Agnosticism
Liberal / Left-wing,"$50,000-$60,000",Average,21.0,White,Woman,6.0,-5.0,55.0,Catholicism
Liberal / Left-wing,"Less than $20,000",Average,27.0,White,Woman,-64.0,-65.0,-30.0,Christianity
Liberal / Left-wing,"$80,000-$100,000",Athletic,27.0,Mixed,Man,85.0,16.0,36.0,Agnosticism
Liberal / Left-wing,"Less than $20,000",Curvy,28.0,White,Woman,27.0,-85.0,-10.0,Buddhism
Liberal / Left-wing,"Less than $20,000",Average,25.0,White,Woman,-6.0,-86.0,54.0,Atheism
Liberal / Left-wing,"$70,000-$80,000",Athletic,28.0,Asian,Man,44.0,-53.0,27.0,Atheism
Liberal / Left-wing,"$40,000-$50,000",Average,37.0,White,Man,27.0,91.0,46.0,Judaism
Conservative / Right-wing,"Less than $20,000",Curvy,25.0,White,Woman,-84.0,14.0,-29.0,Christianity
Conservative / Right-wing,"$20,000-$30,000",Fit,22.0,White,Man,-48.0,-23.0,52.0,Agnosticism
Liberal / Left-wing,"$20,000-$30,000",Average,27.0,White,Man,53.0,28.0,27.0,Atheism
Liberal / Left-wing,"Less than $20,000",A little extra,20.0,White,Woman,63.0,54.0,-17.0,Atheism
Conservative / Right-wing,"$20,000-$30,000",Curvy,23.0,White,Woman,-86.0,-58.0,-53.0,Christianity
Liberal / Left-wing,"Less than $20,000",Average,22.0,White,Man,49.0,-69.0,33.0,Atheism
Liberal / Left-wing,"$80,000-$100,000",Fit,39.0,White,Man,10.0,-18.0,29.0,Atheism
Liberal / Left-wing,"$30,000-$40,000",Average,27.0,White,Woman,-10.0,-23.0,7.0,Atheism
Liberal / Left-wing,"Less than $20,000",Thin,26.0,White,Man,-73.0,-90.0,19.0,Atheism
Liberal / Left-wing,"Less than $20,000",Athletic,24.0,White,Man,81.0,45.0,7.0,Agnosticism
Liberal / Left-wing,"Less than $20,000",A little extra,32.0,White,Man,50.0,-13.0,56.0,Agnosticism
Liberal / Left-wing,"$20,000-$30,000",Thin,26.0,White,Man,-6.0,45.0,15.0,Atheism
Liberal / Left-wing,"Less than $20,000",Curvy,25.0,White,Woman,79.0,14.0,7.0,Atheism
Liberal / Left-wing,"$40,000-$50,000",Average,32.0,White,Man,78.0,-20.0,63.0,Atheism
Liberal / Left-wing,"$20,000-$30,000",Average,31.0,White,Man,7.0,80.0,29.0,Atheism
Liberal / Left-wing,"Less than $20,000",A little extra,25.0,White,Woman,53.0,36.0,5.0,Catholicism
Liberal / Left-wing,"$20,000-$30,000",Overweight,25.0,White,Woman,50.0,-35.0,27.0,Agnosticism
Centrist,"$40,000-$50,000",Curvy,25.0,White,Woman,-55.0,-53.0,-66.0,Christianity
Liberal / Left-wing,"Less than $20,000",Skinny,28.0,White,Man,-6.0,16.0,11.0,Agnosticism
Liberal / Left-wing,"$40,000-$50,000",Fit,27.0,White,Woman,9.0,16.0,-29.0,Christianity
Liberal / Left-wing,"$80,000-$100,000",Fit,44.0,White,Man,86.0,62.0,27.0,Atheism
Centrist,"$50,000-$60,000",Fit,36.0,White,Man,-6.0,-27.0,17.0,Christianity
Liberal / Left-wing,"$60,000-$70,000",Curvy,28.0,White,Woman,9.0,53.0,38.0,Atheism
Liberal / Left-wing,"Less than $20,000",Average,19.0,White,Woman,93.0,54.0,24.0,Agnosticism
Conservative / Right-wing,"$20,000-$30,000",Fit,27.0,White,Man,5.0,-2.0,-14.0,Catholicism
Liberal / Left-wing,"Less than $20,000",Curvy,26.0,White,Woman,82.0,67.0,-10.0,Atheism
Liberal / Left-wing,"$80,000-$100,000",Average,41.0,Mixed,Man,-4.0,77.0,37.0,Atheism
Liberal / Left-wing,"More than $1,000,000",Full figured,34.0,White,Woman,41.0,6.0,-31.0,Agnosticism
Liberal / Left-wing,"Less than $20,000",Thin,20.0,Asian,Woman,-27.0,79.0,24.0,Atheism
Centrist,"$60,000-$70,000",A little extra,40.0,Black,Man,9.0,12.0,65.0,Atheism
Liberal / Left-wing,"$80,000-$100,000",Fit,21.0,Mixed,Man,67.0,-15.0,63.0,Atheism
Liberal / Left-wing,"Less than $20,000",Curvy,22.0,White,Woman,-44.0,15.0,33.0,Atheism
Liberal / Left-wing,"$20,000-$30,000",Curvy,23.0,White,Woman,47.0,40.0,11.0,Agnosticism
Liberal / Left-wing,"$40,000-$50,000",Average,23.0,White,Man,-45.0,-74.0,45.0,Atheism
Liberal / Left-wing,"$40,000-$50,000",Curvy,31.0,White,Woman,-63.0,-12.0,50.0,Agnosticism
Liberal / Left-wing,"$20,000-$30,000",Fit,27.0,White,Man,-10.0,-17.0,51.0,Atheism
Conservative / Right-wing,"$20,000-$30,000",Full figured,23.0,White,Man,53.0,-42.0,19.0,Atheism
Liberal / Left-wing,"Less than $20,000",Thin,20.0,White,Man,96.0,68.0,-59.0,Catholicism
Liberal / Left-wing,"$30,000-$40,000",Average,22.0,Hispanic / Latin,Man,58.0,-35.0,-27.0,Catholicism
Centrist,"$70,000-$80,000",A little extra,27.0,White,Woman,-69.0,-86.0,-10.0,Christianity
Liberal / Left-wing,"$20,000-$30,000",Athletic,25.0,White,Man,-25.0,83.0,7.0,Atheism
Liberal / Left-wing,"Less than $20,000",Used up,26.0,White,Woman,59.0,36.0,-4.0,Atheism
Conservative / Right-wing,"$40,000-$50,000",Average,28.0,White,Man,27.0,27.0,19.0,Atheism
Conservative / Right-wing,"$60,000-$70,000",Athletic,54.0,White,Man,59.0,-39.0,-47.0,Catholicism
Liberal / Left-wing,"$60,000-$70,000",Average,33.0,White,Man,87.0,23.0,50.0,Atheism
Liberal / Left-wing,"Less than $20,000",Average,30.0,White,Woman,59.0,6.0,7.0,Agnosticism
Liberal / Left-wing,"Less than $20,000",Fit,25.0,White,Man,71.0,32.0,7.0,Atheism
Liberal / Left-wing,"$60,000-$70,000",Thin,41.0,White,Man,85.0,65.0,72.0,Atheism
Centrist,"$100,000-$150,000",Athletic,37.0,White,Man,10.0,-18.0,17.0,Christianity
Liberal / Left-wing,"Less than $20,000",Curvy,21.0,Black,Woman,17.0,24.0,-34.0,Christianity
Liberal / Left-wing,"$30,000-$40,000",Fit,34.0,Mixed,Man,35.0,67.0,44.0,Atheism
Centrist,"$70,000-$80,000",Thin,43.0,White,Man,70.0,66.0,11.0,Agnosticism
Liberal / Left-wing,"$30,000-$40,000",Average,29.0,White,Woman,-33.0,-23.0,-4.0,Judaism
Conservative / Right-wing,"$60,000-$70,000",Thin,36.0,White,Man,-37.0,-51.0,-71.0,Catholicism
Liberal / Left-wing,"$20,000-$30,000",Curvy,28.0,White,Woman,50.0,-6.0,-33.0,Agnosticism
Centrist,"Less than $20,000",Average,22.0,White,Man,-9.0,-74.0,23.0,Atheism
Conservative / Right-wing,"Less than $20,000",Overweight,31.0,White,Man,-68.0,-13.0,-60.0,Christianity
Conservative / Right-wing,"$20,000-$30,000",A little extra,24.0,White,Woman,-10.0,-42.0,-12.0,Atheism
Centrist,"$40,000-$50,000",A little extra,38.0,White,Man,-24.0,-39.0,-31.0,Christianity
Centrist,"$20,000-$30,000",Average,26.0,White,Woman,-55.0,-62.0,-12.0,Agnosticism
Centrist,"$40,000-$50,000",Thin,27.0,White,Man,-10.0,36.0,48.0,Atheism
Centrist,"$70,000-$80,000",Average,32.0,White,Man,-32.0,-40.0,36.0,Atheism
Conservative / Right-wing,"$20,000-$30,000",Average,35.0,White,Woman,-84.0,-59.0,-46.0,Christianity
Centrist,"$60,000-$70,000",Average,27.0,White,Man,-48.0,-10.0,19.0,Christianity
Liberal / Left-wing,"$20,000-$30,000",Curvy,25.0,White,Woman,59.0,42.0,5.0,Agnosticism
Liberal / Left-wing,"Less than $20,000",Overweight,34.0,White,Man,59.0,21.0,46.0,Atheism
Liberal / Left-wing,"$50,000-$60,000",A little extra,34.0,White,Man,3.0,3.0,29.0,Atheism
Liberal / Left-wing,"Less than $20,000",A little extra,30.0,White,Man,-32.0,-12.0,-10.0,Agnosticism
Centrist,"$50,000-$60,000",Overweight,32.0,White,Woman,-51.0,-18.0,59.0,Atheism
Centrist,"$50,000-$60,000",Overweight,41.0,White,Man,-68.0,-25.0,-9.0,Christianity
Conservative / Right-wing,"$50,000-$60,000",Average,34.0,White,Man,18.0,-18.0,17.0,Agnosticism
Liberal / Left-wing,"Less than $20,000",Skinny,23.0,White,Man,69.0,27.0,38.0,Agnosticism
Liberal / Left-wing,"$70,000-$80,000",A little extra,39.0,White,Man,7.0,51.0,-20.0,Agnosticism
Conservative / Right-wing,"$30,000-$40,000",Average,37.0,White,Man,-12.0,-51.0,-64.0,Christianity
Liberal / Left-wing,"Less than $20,000",A little extra,33.0,White,Man,84.0,34.0,-37.0,Atheism
Liberal / Left-wing,"$100,000-$150,000",Fit,34.0,White,Man,75.0,6.0,4.0,Christianity
Liberal / Left-wing,"$60,000-$70,000",Average,24.0,White,Woman,-31.0,53.0,5.0,Atheism
Liberal / Left-wing,"$40,000-$50,000",Overweight,34.0,White,Man,88.0,-33.0,29.0,Atheism
Centrist,"$20,000-$30,000",Overweight,26.0,White,Man,20.0,-62.0,-4.0,Christianity
Centrist,"$20,000-$30,000",Curvy,37.0,White,Woman,77.0,-31.0,-5.0,Christianity
Liberal / Left-wing,"Less than $20,000",Average,27.0,White,Man,-25.0,-25.0,-33.0,Atheism
Conservative / Right-wing,"$30,000-$40,000",Average,42.0,White,Man,-47.0,-31.0,-43.0,Christianity
Liberal / Left-wing,"$80,000-$100,000",Curvy,36.0,Black,Woman,73.0,35.0,-5.0,Christianity
Conservative / Right-wing,"$70,000-$80,000",Average,49.0,White,Man,-29.0,-61.0,-31.0,Christianity
Liberal / Left-wing,"$30,000-$40,000",Fit,27.0,White,Man,30.0,67.0,-14.0,Agnosticism
Liberal / Left-wing,"Less than $20,000",Curvy,31.0,White,Man,-24.0,55.0,29.0,Atheism
Liberal / Left-wing,"$60,000-$70,000",Fit,28.0,White,Man,-45.0,6.0,-40.0,Buddhism
Liberal / Left-wing,"$20,000-$30,000",Average,29.0,White,Woman,-60.0,16.0,-29.0,Catholicism
Liberal / Left-wing,"Less than $20,000",Average,37.0,White,Man,77.0,18.0,-38.0,Agnosticism
Liberal / Left-wing,"More than $1,000,000",Used up,26.0,White,Woman,-55.0,75.0,19.0,Atheism
Liberal / Left-wing,"Less than $20,000",Curvy,32.0,White,Woman,27.0,23.0,26.0,Agnosticism
Liberal / Left-wing,"$60,000-$70,000",Fit,33.0,White,Man,27.0,-31.0,17.0,Agnosticism
Conservative / Right-wing,"$70,000-$80,000",Average,59.0,White,Man,25.0,-48.0,-10.0,Christianity
Liberal / Left-wing,"$50,000-$60,000",Average,37.0,White,Woman,-78.0,18.0,7.0,Agnosticism
Liberal / Left-wing,"Less than $20,000",A little extra,35.0,White,Man,3.0,-40.0,24.0,Atheism
Liberal / Left-wing,"$30,000-$40,000",A little extra,25.0,White,Man,20.0,-10.0,11.0,Agnosticism
Liberal / Left-wing,"$50,000-$60,000",A little extra,32.0,White,Man,13.0,-48.0,24.0,Atheism
Liberal / Left-wing,"$70,000-$80,000",Fit,45.0,White,Man,85.0,74.0,62.0,Atheism
Centrist,"$20,000-$30,000",Skinny,26.0,White,Man,-25.0,53.0,-10.0,Agnosticism
Liberal / Left-wing,"$40,000-$50,000",A little extra,49.0,Mixed,Man,43.0,-17.0,21.0,Atheism
Liberal / Left-wing,"$50,000-$60,000",Average,34.0,White,Man,38.0,60.0,26.0,Atheism
Centrist,"$40,000-$50,000",Athletic,24.0,White,Man,20.0,16.0,16.0,Judaism
Liberal / Left-wing,"$40,000-$50,000",Average,36.0,Hispanic / Latin,Man,-12.0,-54.0,-13.0,Catholicism
Liberal / Left-wing,"$30,000-$40,000",Average,33.0,Black,Man,-20.0,3.0,-10.0,Christianity
Liberal / Left-wing,"$150,000-$250,000",A little extra,33.0,White,Man,38.0,43.0,44.0,Atheism
Centrist,"$100,000-$150,000",Fit,33.0,White,Man,-27.0,-26.0,-10.0,Atheism
Liberal / Left-wing,"$20,000-$30,000",A little extra,43.0,White,Man,19.0,26.0,65.0,Atheism
Liberal / Left-wing,"$20,000-$30,000",Skinny,31.0,White,Man,-86.0,-61.0,26.0,Atheism
Liberal / Left-wing,"$50,000-$60,000",A little extra,33.0,White,Man,18.0,-69.0,17.0,Christianity
Liberal / Left-wing,"Less than $20,000",Average,27.0,White,Man,50.0,45.0,48.0,Agnosticism
Liberal / Left-wing,"$50,000-$60,000",Athletic,30.0,White,Man,-44.0,-51.0,50.0,Atheism
Liberal / Left-wing,"Less than $20,000",Overweight,29.0,White,Woman,-59.0,-62.0,-12.0,Agnosticism
Conservative / Right-wing,"Less than $20,000",Average,31.0,White,Man,-85.0,-61.0,-50.0,Catholicism
Conservative / Right-wing,"$20,000-$30,000",Full figured,46.0,White,Woman,-26.0,-35.0,-17.0,Christianity
Liberal / Left-wing,"$60,000-$70,000",Average,40.0,White,Woman,-34.0,32.0,-48.0,Agnosticism
Liberal / Left-wing,"$20,000-$30,000",A little extra,47.0,White,Man,-19.0,-23.0,27.0,Atheism
Conservative / Right-wing,"$40,000-$50,000",Fit,32.0,White,Man,-32.0,-66.0,-94.0,Christianity
Liberal / Left-wing,"$30,000-$40,000",A little extra,41.0,White,Man,-12.0,65.0,21.0,Agnosticism
Conservative / Right-wing,"$100,000-$150,000",Average,43.0,White,Man,52.0,-62.0,21.0,Agnosticism
Liberal / Left-wing,"$70,000-$80,000",Average,40.0,White,Man,-19.0,-42.0,41.0,Atheism
Liberal / Left-wing,"$20,000-$30,000",Fit,35.0,White,Man,25.0,18.0,7.0,Atheism
Liberal / Left-wing,"$100,000-$150,000",Average,49.0,White,Man,23.0,47.0,2.0,Atheism
Centrist,"$20,000-$30,000",A little extra,27.0,White,Man,24.0,-62.0,-12.0,Christianity
Liberal / Left-wing,"Less than $20,000",Thin,42.0,White,Man,-40.0,14.0,17.0,Agnosticism
Liberal / Left-wing,"$20,000-$30,000",Overweight,40.0,White,Man,52.0,70.0,44.0,Atheism
Centrist,"Less than $20,000",Average,37.0,White,Man,56.0,-20.0,7.0,Atheism
Conservative / Right-wing,"$60,000-$70,000",Curvy,34.0,White,Woman,-85.0,-12.0,-6.0,Christianity
Liberal / Left-wing,"Less than $20,000",Overweight,28.0,Mixed,Woman,39.0,16.0,-2.0,Agnosticism
Liberal / Left-wing,"$40,000-$50,000",Average,38.0,White,Man,7.0,23.0,24.0,Atheism
Centrist,"$20,000-$30,000",Average,24.0,White,Man,-22.0,32.0,-19.0,Agnosticism
Liberal / Left-wing,"Less than $20,000",A little extra,28.0,White,Woman,-14.0,14.0,-47.0,Agnosticism
Liberal / Left-wing,"$40,000-$50,000",Skinny,39.0,White,Man,7.0,-26.0,-5.0,Christianity
Centrist,"$100,000-$150,000",Curvy,40.0,Black,Man,19.0,32.0,44.0,Agnosticism
Conservative / Right-wing,"$30,000-$40,000",Average,27.0,White,Man,-52.0,-42.0,-22.0,Christianity
Liberal / Left-wing,"$50,000-$60,000",Average,32.0,Asian,Man,-12.0,-48.0,36.0,Agnosticism
Liberal / Left-wing,"Less than $20,000",Skinny,34.0,White,Man,-59.0,-82.0,-3.0,Atheism
Liberal / Left-wing,"$100,000-$150,000",Athletic,31.0,White,Man,-8.0,39.0,14.0,Catholicism
Liberal / Left-wing,"$30,000-$40,000",Average,27.0,White,Man,-31.0,28.0,-14.0,Judaism
Centrist,"Less than $20,000",A little extra,28.0,White,Man,-4.0,32.0,-90.0,Christianity
Conservative / Right-wing,"$20,000-$30,000",Fit,26.0,White,Man,9.0,-17.0,-66.0,Christianity
Centrist,"$40,000-$50,000",Full figured,34.0,White,Man,3.0,46.0,-6.0,Hinduism
Conservative / Right-wing,"$20,000-$30,000",Average,24.0,White,Man,-74.0,-23.0,-43.0,Christianity
Liberal / Left-wing,"Less than $20,000",Overweight,38.0,White,Man,-8.0,-39.0,7.0,Atheism
Liberal / Left-wing,"$30,000-$40,000",Curvy,31.0,White,Woman,95.0,-13.0,-3.0,Catholicism
Liberal / Left-wing,"Less than $20,000",Fit,38.0,White,Man,35.0,49.0,-60.0,Christianity
Liberal / Left-wing,"$30,000-$40,000",Average,55.0,White,Man,67.0,-39.0,52.0,Atheism
Liberal / Left-wing,"$250,000-$500,000",Skinny,37.0,White,Man,78.0,80.0,16.0,Agnosticism
Liberal / Left-wing,"$50,000-$60,000",Fit,26.0,White,Man,16.0,42.0,11.0,Atheism
Liberal / Left-wing,"$80,000-$100,000",Skinny,45.0,White,Man,49.0,-5.0,44.0,Atheism
Conservative / Right-wing,"$40,000-$50,000",Average,38.0,Mixed,Man,-24.0,-33.0,-71.0,Christianity
Centrist,"$50,000-$60,000",Fit,32.0,White,Woman,-65.0,18.0,29.0,Atheism
Centrist,"$30,000-$40,000",Fit,30.0,White,Man,56.0,-43.0,14.0,Agnosticism
Liberal / Left-wing,"Less than $20,000",Average,31.0,Mixed,Man,18.0,87.0,-62.0,Judaism
Liberal / Left-wing,"$20,000-$30,000",A little extra,28.0,White,Woman,-4.0,-62.0,-22.0,Christianity
Conservative / Right-wing,"$30,000-$40,000",Average,59.0,White,Man,39.0,-36.0,-47.0,Christianity
Liberal / Left-wing,"$30,000-$40,000",A little extra,44.0,Hispanic / Latin,Man,74.0,74.0,-9.0,Catholicism
Centrist,"$60,000-$70,000",Thin,31.0,White,Man,-15.0,-5.0,29.0,Atheism
Liberal / Left-wing,"$20,000-$30,000",Overweight,33.0,White,Man,-42.0,59.0,-13.0,Catholicism
Liberal / Left-wing,"$80,000-$100,000",Overweight,36.0,White,Man,18.0,-26.0,50.0,Atheism
Liberal / Left-wing,"$50,000-$60,000",Athletic,34.0,White,Man,59.0,39.0,16.0,Christianity
Centrist,"$50,000-$60,000",Thin,32.0,White,Man,-20.0,-13.0,24.0,Agnosticism
Liberal / Left-wing,"Less than $20,000",Curvy,22.0,Mixed,Woman,74.0,17.0,33.0,Agnosticism
Centrist,"$100,000-$150,000",A little extra,30.0,White,Man,-25.0,-80.0,50.0,Atheism
Conservative / Right-wing,"$40,000-$50,000",A little extra,30.0,White,Man,-25.0,34.0,-4.0,Catholicism
Liberal / Left-wing,"Less than $20,000",Overweight,39.0,White,Woman,53.0,3.0,-10.0,Hinduism
Liberal / Left-wing,"$20,000-$30,000",Fit,29.0,Mixed,Man,27.0,-6.0,52.0,Agnosticism
Liberal / Left-wing,"$50,000-$60,000",Thin,30.0,White,Man,18.0,-59.0,-6.0,Christianity
Liberal / Left-wing,"$40,000-$50,000",Average,71.0,White,Man,77.0,2.0,16.0,Agnosticism
Liberal / Left-wing,"Less than $20,000",A little extra,24.0,White,Woman,30.0,48.0,-19.0,Agnosticism
Liberal / Left-wing,"Less than $20,000",Curvy,21.0,White,Woman,20.0,71.0,-7.0,Atheism
Centrist,"$40,000-$50,000",Overweight,42.0,White,Man,-40.0,-4.0,2.0,Atheism
Liberal / Left-wing,"$80,000-$100,000",A little extra,34.0,Middle Eastern,Man,-37.0,-40.0,4.0,Agnosticism
Conservative / Right-wing,"$60,000-$70,000",Athletic,50.0,White,Man,-9.0,-78.0,-16.0,Christianity
Centrist,"$30,000-$40,000",Average,26.0,Mixed,Man,-55.0,-69.0,15.0,Christianity
Liberal / Left-wing,"$40,000-$50,000",Full figured,42.0,White,Woman,23.0,-23.0,-25.0,Catholicism
Conservative / Right-wing,"$20,000-$30,000",A little extra,50.0,White,Man,-34.0,-56.0,-67.0,Christianity
Liberal / Left-wing,"More than $1,000,000",Curvy,27.0,White,Woman,13.0,63.0,15.0,Agnosticism
Liberal / Left-wing,"$30,000-$40,000",Athletic,25.0,White,Man,66.0,-30.0,48.0,Atheism
Liberal / Left-wing,"$40,000-$50,000",Skinny,51.0,White,Man,39.0,-30.0,-2.0,Christianity
Centrist,"$30,000-$40,000",Full figured,33.0,White,Woman,-85.0,-26.0,-21.0,Christianity
Liberal / Left-wing,"$60,000-$70,000",A little extra,33.0,White,Man,53.0,-33.0,59.0,Atheism
Liberal / Left-wing,"$40,000-$50,000",Average,29.0,White,Man,-33.0,16.0,7.0,Atheism
Centrist,"$150,000-$250,000",Athletic,34.0,White,Man,-8.0,48.0,50.0,Agnosticism
Liberal / Left-wing,"$30,000-$40,000",Average,36.0,White,Man,68.0,46.0,36.0,Atheism
Liberal / Left-wing,"Less than $20,000",Average,31.0,White,Man,-63.0,65.0,21.0,Agnosticism
Centrist,"$40,000-$50,000",Fit,36.0,White,Man,-72.0,-12.0,36.0,Atheism
Conservative / Right-wing,"$30,000-$40,000",Average,30.0,White,Man,78.0,-71.0,-31.0,Christianity
Liberal / Left-wing,"Less than $20,000",Average,28.0,White,Man,62.0,-63.0,-9.0,Christianity
Conservative / Right-wing,"$60,000-$70,000",A little extra,30.0,Mixed,Woman,-68.0,6.0,-80.0,Catholicism
Conservative / Right-wing,"$30,000-$40,000",Average,40.0,White,Man,-66.0,-4.0,-56.0,Christianity
Liberal / Left-wing,"$500,000-$1,000,000",Average,53.0,White,Man,30.0,3.0,75.0,Atheism
Centrist,"$40,000-$50,000",Fit,29.0,Mixed,Man,30.0,42.0,-33.0,Catholicism
Liberal / Left-wing,"Less than $20,000",Fit,34.0,White,Man,60.0,8.0,16.0,Judaism
Liberal / Left-wing,"$30,000-$40,000",Used up,28.0,White,Woman,92.0,2.0,-12.0,Agnosticism
Centrist,"$40,000-$50,000",Thin,31.0,White,Man,53.0,46.0,4.0,Christianity
Centrist,"$60,000-$70,000",Curvy,46.0,White,Woman,-40.0,-4.0,-11.0,Christianity
Liberal / Left-wing,"$30,000-$40,000",Average,29.0,White,Man,-10.0,27.0,-39.0,Christianity
Liberal / Left-wing,"$100,000-$150,000",Athletic,48.0,White,Man,49.0,12.0,8.0,Agnosticism
Liberal / Left-wing,"$50,000-$60,000",Fit,35.0,White,Woman,-27.0,-78.0,7.0,Atheism
Centrist,"$30,000-$40,000",Fit,27.0,White,Man,56.0,-23.0,5.0,Atheism
Centrist,"$20,000-$30,000",Average,41.0,White,Man,-19.0,-23.0,-43.0,Christianity
Centrist,"Less than $20,000",Athletic,43.0,White,Man,-78.0,-17.0,45.0,Atheism
Centrist,"$80,000-$100,000",Athletic,53.0,Black,Man,44.0,-16.0,3.0,Christianity
Centrist,"$30,000-$40,000",A little extra,42.0,White,Man,62.0,22.0,17.0,Agnosticism
Liberal / Left-wing,"$20,000-$30,000",A little extra,42.0,White,Man,59.0,73.0,48.0,Atheism
Conservative / Right-wing,"$30,000-$40,000",A little extra,30.0,White,Woman,-73.0,-18.0,-60.0,Christianity
Conservative / Right-wing,"$100,000-$150,000",Fit,41.0,White,Man,-52.0,14.0,41.0,Atheism
Centrist,"$30,000-$40,000",Full figured,33.0,White,Woman,-15.0,-69.0,-6.0,Christianity
Conservative / Right-wing,"$50,000-$60,000",Average,43.0,White,Man,9.0,-62.0,19.0,Agnosticism
Centrist,"$70,000-$80,000",Average,39.0,White,Man,66.0,-26.0,29.0,Atheism
Liberal / Left-wing,"$30,000-$40,000",A little extra,35.0,White,Woman,-29.0,-19.0,31.0,Atheism
Centrist,"$80,000-$100,000",Athletic,36.0,White,Man,68.0,23.0,-5.0,Agnosticism
Liberal / Left-wing,"$250,000-$500,000",Average,27.0,Asian,Man,89.0,40.0,7.0,Buddhism
Centrist,"$80,000-$100,000",Average,32.0,White,Man,-63.0,-78.0,44.0,Agnosticism
Liberal / Left-wing,"Less than $20,000",Full figured,24.0,White,Woman,-37.0,-42.0,-46.0,Agnosticism
Liberal / Left-wing,"$50,000-$60,000",Thin,32.0,White,Man,-12.0,3.0,26.0,Atheism
Liberal / Left-wing,"$20,000-$30,000",A little extra,29.0,White,Man,-37.0,48.0,16.0,Atheism
Conservative / Right-wing,"$20,000-$30,000",Athletic,35.0,White,Man,-8.0,-71.0,-37.0,Christianity
Liberal / Left-wing,"$30,000-$40,000",A little extra,36.0,White,Man,-15.0,-31.0,14.0,Atheism
Centrist,"$40,000-$50,000",Full figured,30.0,Mixed,Woman,-37.0,-12.0,-11.0,Christianity
Liberal / Left-wing,"$50,000-$60,000",Fit,40.0,White,Man,13.0,7.0,67.0,Atheism
Centrist,"$30,000-$40,000",Average,36.0,Mixed,Man,75.0,91.0,-46.0,Agnosticism
Liberal / Left-wing,"$50,000-$60,000",Average,28.0,White,Man,44.0,16.0,42.0,Agnosticism
Liberal / Left-wing,"$20,000-$30,000",Overweight,30.0,White,Man,-65.0,35.0,-10.0,Agnosticism
Liberal / Left-wing,"More than $1,000,000",Average,30.0,White,Man,-8.0,23.0,16.0,Atheism
Conservative / Right-wing,"$20,000-$30,000",Average,27.0,White,Woman,-66.0,-23.0,-86.0,Christianity
Liberal / Left-wing,"$40,000-$50,000",Average,31.0,Asian,Woman,-27.0,3.0,-31.0,Christianity
Conservative / Right-wing,"$70,000-$80,000",A little extra,33.0,White,Man,41.0,-54.0,-5.0,Christianity
Liberal / Left-wing,"$50,000-$60,000",Curvy,36.0,White,Woman,27.0,34.0,21.0,Judaism
Liberal / Left-wing,"Less than $20,000",Overweight,22.0,White,Woman,79.0,69.0,-19.0,Agnosticism
Liberal / Left-wing,"$20,000-$30,000",A little extra,29.0,Hispanic / Latin,Man,20.0,2.0,-46.0,Catholicism
Liberal / Left-wing,"$50,000-$60,000",A little extra,31.0,White,Man,82.0,-78.0,4.0,Agnosticism
Liberal / Left-wing,"$150,000-$250,000",Athletic,47.0,White,Man,67.0,32.0,37.0,Agnosticism
Centrist,"$30,000-$40,000",Average,28.0,Black,Man,50.0,-37.0,-30.0,Catholicism
Liberal / Left-wing,"$30,000-$40,000",Average,27.0,White,Man,13.0,11.0,7.0,Atheism
Liberal / Left-wing,"$40,000-$50,000",Average,33.0,White,Man,-78.0,-18.0,36.0,Atheism
Centrist,"Less than $20,000",Average,35.0,White,Man,-59.0,-78.0,-13.0,Christianity
Liberal / Left-wing,"$60,000-$70,000",Average,28.0,Mixed,Man,80.0,42.0,48.0,Atheism
Liberal / Left-wing,"$150,000-$250,000",Fit,45.0,White,Man,59.0,30.0,21.0,Judaism
Liberal / Left-wing,"$50,000-$60,000",Average,37.0,White,Man,-32.0,23.0,-10.0,Christianity
Liberal / Left-wing,"$30,000-$40,000",A little extra,27.0,Mixed,Woman,-22.0,-42.0,-33.0,Christianity
Conservative / Right-wing,"$20,000-$30,000",Athletic,33.0,White,Man,-37.0,-79.0,-60.0,Christianity
Centrist,"$150,000-$250,000",Athletic,47.0,White,Man,-50.0,3.0,39.0,Judaism
Liberal / Left-wing,"$20,000-$30,000",Overweight,31.0,White,Man,-20.0,-5.0,50.0,Agnosticism
Centrist,"$30,000-$40,000",A little extra,32.0,White,Man,-32.0,-61.0,17.0,Christianity
Liberal / Left-wing,"$20,000-$30,000",Full figured,27.0,Asian,Woman,27.0,53.0,-39.0,Christianity
Conservative / Right-wing,"$40,000-$50,000",Athletic,34.0,White,Man,27.0,-33.0,-91.0,Christianity
Centrist,"$40,000-$50,000",Skinny,32.0,White,Man,-20.0,72.0,-39.0,Atheism
Liberal / Left-wing,"$20,000-$30,000",Fit,30.0,White,Man,38.0,13.0,17.0,Atheism
Liberal / Left-wing,"$40,000-$50,000",Average,30.0,White,Woman,-6.0,13.0,-13.0,Christianity
Conservative / Right-wing,"$30,000-$40,000",Average,29.0,White,Man,-52.0,-69.0,51.0,Atheism
Centrist,"$100,000-$150,000",Average,34.0,White,Man,-20.0,18.0,17.0,Atheism
Liberal / Left-wing,"$40,000-$50,000",Average,36.0,White,Man,-42.0,18.0,-13.0,Christianity
Liberal / Left-wing,"$30,000-$40,000",Curvy,32.0,White,Woman,87.0,-5.0,-5.0,Agnosticism
Centrist,"$40,000-$50,000",Average,26.0,White,Man,30.0,36.0,-2.0,Catholicism
Liberal / Left-wing,"Less than $20,000",Overweight,25.0,White,Woman,47.0,-18.0,-39.0,Atheism
Liberal / Left-wing,"Less than $20,000",Average,27.0,White,Woman,-22.0,52.0,-14.0,Agnosticism
Liberal / Left-wing,"$70,000-$80,000",Average,41.0,White,Man,-16.0,-4.0,72.0,Atheism
Liberal / Left-wing,"Less than $20,000",Average,39.0,White,Man,-65.0,-13.0,29.0,Catholicism
Liberal / Left-wing,"$30,000-$40,000",Full figured,29.0,Black,Woman,5.0,-23.0,-14.0,Agnosticism
Liberal / Left-wing,"$20,000-$30,000",A little extra,34.0,White,Man,-8.0,34.0,-38.0,Judaism
Liberal / Left-wing,"$30,000-$40,000",Average,29.0,White,Man,44.0,28.0,-14.0,Judaism
Liberal / Left-wing,"Less than $20,000",A little extra,25.0,Mixed,Man,24.0,63.0,-29.0,Buddhism
Centrist,"$80,000-$100,000",A little extra,32.0,White,Man,38.0,3.0,-11.0,Agnosticism
Conservative / Right-wing,"$40,000-$50,000",Average,33.0,White,Man,-54.0,-26.0,-50.0,Christianity
Conservative / Right-wing,"$30,000-$40,000",A little extra,36.0,White,Man,-42.0,-69.0,-39.0,Christianity
Liberal / Left-wing,"$60,000-$70,000",A little extra,44.0,White,Man,40.0,-35.0,12.0,Atheism
Centrist,"$30,000-$40,000",Fit,35.0,White,Man,-15.0,46.0,4.0,Agnosticism
Liberal / Left-wing,"$50,000-$60,000",Curvy,33.0,White,Woman,64.0,3.0,4.0,Agnosticism
Conservative / Right-wing,"$40,000-$50,000",A little extra,34.0,White,Man,73.0,-71.0,-34.0,Catholicism
Liberal / Left-wing,"Less than $20,000",Athletic,24.0,White,Woman,50.0,58.0,51.0,Atheism
Liberal / Left-wing,"Less than $20,000",Thin,35.0,White,Man,-63.0,-13.0,29.0,Atheism
Liberal / Left-wing,"$500,000-$1,000,000",Full figured,48.0,White,Man,-16.0,-25.0,45.0,Agnosticism
Liberal / Left-wing,"$40,000-$50,000",Athletic,30.0,Black,Man,-34.0,-26.0,-60.0,Christianity
Centrist,"$70,000-$80,000",Average,45.0,White,Man,-59.0,-70.0,21.0,Agnosticism
Liberal / Left-wing,"$40,000-$50,000",Average,36.0,White,Man,7.0,46.0,26.0,Atheism
Liberal / Left-wing,"$20,000-$30,000",Overweight,32.0,White,Man,7.0,13.0,4.0,Atheism
Liberal / Left-wing,"More than $1,000,000",Athletic,28.0,Mixed,Man,69.0,40.0,-2.0,Agnosticism
Liberal / Left-wing,"$70,000-$80,000",Curvy,38.0,White,Woman,88.0,23.0,-50.0,Buddhism
Liberal / Left-wing,"$40,000-$50,000",Thin,24.0,White,Man,-37.0,79.0,-4.0,Atheism
Liberal / Left-wing,"$40,000-$50,000",Full figured,37.0,White,Woman,10.0,-31.0,-34.0,Catholicism
Liberal / Left-wing,"$30,000-$40,000",Thin,34.0,White,Man,13.0,-43.0,36.0,Atheism
Conservative / Right-wing,"$60,000-$70,000",A little extra,34.0,Mixed,Man,-34.0,-74.0,-60.0,Christianity
Centrist,"$40,000-$50,000",Curvy,31.0,White,Woman,-42.0,23.0,-50.0,Catholicism
Centrist,"Less than $20,000",Skinny,24.0,White,Man,13.0,28.0,11.0,Atheism
Conservative / Right-wing,"$30,000-$40,000",A little extra,38.0,White,Man,-6.0,-5.0,-31.0,Christianity
Conservative / Right-wing,"$20,000-$30,000",A little extra,38.0,White,Man,-20.0,-59.0,-80.0,Christianity
Conservative / Right-wing,"$60,000-$70,000",Average,32.0,White,Man,-65.0,-18.0,-64.0,Christianity
Conservative / Right-wing,"$150,000-$250,000",Overweight,37.0,Mixed,Man,-34.0,-20.0,-11.0,Christianity
Centrist,"Less than $20,000",Thin,19.0,White,Man,25.0,3.0,11.0,Judaism
Liberal / Left-wing,"$40,000-$50,000",Overweight,28.0,White,Man,-78.0,-81.0,-4.0,Christianity
Centrist,"$150,000-$250,000",Fit,41.0,White,Man,-44.0,-31.0,27.0,Agnosticism
Liberal / Left-wing,"$20,000-$30,000",Athletic,27.0,White,Man,13.0,16.0,-22.0,Judaism
Liberal / Left-wing,"$30,000-$40,000",Curvy,27.0,Mixed,Woman,63.0,70.0,-14.0,Atheism
Centrist,"$30,000-$40,000",Full figured,35.0,White,Woman,18.0,49.0,-31.0,Christianity
Liberal / Left-wing,"$150,000-$250,000",A little extra,35.0,White,Man,44.0,-13.0,56.0,Atheism
Centrist,"$40,000-$50,000",Curvy,32.0,White,Woman,-80.0,-26.0,-31.0,Christianity
Centrist,"More than $1,000,000",Average,22.0,White,Man,-41.0,-84.0,22.0,Judaism
Centrist,"$60,000-$70,000",Average,31.0,White,Man,43.0,-49.0,30.0,Agnosticism
Liberal / Left-wing,"$20,000-$30,000",Thin,45.0,White,Woman,54.0,22.0,-57.0,Buddhism
Liberal / Left-wing,"$50,000-$60,000",A little extra,27.0,Hispanic / Latin,Man,-33.0,11.0,-47.0,Christianity
Conservative / Right-wing,"$30,000-$40,000",Thin,41.0,Hispanic / Latin,Man,-75.0,-4.0,-58.0,Christianity
Liberal / Left-wing,"Less than $20,000",A little extra,39.0,White,Man,64.0,-33.0,-10.0,Christianity
Conservative / Right-wing,"$100,000-$150,000",Athletic,43.0,White,Man,6.0,-81.0,-29.0,Christianity
Centrist,"$40,000-$50,000",A little extra,41.0,White,Man,23.0,74.0,54.0,Atheism
Centrist,"$30,000-$40,000",Average,38.0,White,Man,-12.0,-5.0,-37.0,Agnosticism
Liberal / Left-wing,"$30,000-$40,000",Fit,26.0,White,Man,-22.0,16.0,-43.0,Agnosticism
Liberal / Left-wing,"$20,000-$30,000",Average,34.0,White,Woman,7.0,55.0,-5.0,Buddhism
Liberal / Left-wing,"More than $1,000,000",Thin,28.0,White,Man,73.0,40.0,7.0,Agnosticism
Conservative / Right-wing,"$60,000-$70,000",Average,41.0,White,Man,-53.0,-68.0,41.0,Agnosticism
Centrist,"$40,000-$50,000",Average,29.0,White,Man,30.0,28.0,-22.0,Christianity
Liberal / Left-wing,"$20,000-$30,000",A little extra,32.0,White,Woman,64.0,-26.0,-6.0,Agnosticism
Liberal / Left-wing,"Less than $20,000",Full figured,29.0,White,Woman,-4.0,-17.0,48.0,Atheism
Centrist,"More than $1,000,000",Jacked,28.0,Mixed,Man,63.0,-30.0,-40.0,Christianity
Liberal / Left-wing,"$30,000-$40,000",Average,36.0,White,Man,75.0,-12.0,17.0,Atheism
Centrist,"$50,000-$60,000",Thin,29.0,White,Man,13.0,-39.0,7.0,Atheism
Centrist,"Less than $20,000",Thin,37.0,Mixed,Man,13.0,-18.0,46.0,Atheism
Centrist,"$20,000-$30,000",Curvy,35.0,White,Woman,-47.0,34.0,-80.0,Christianity
Centrist,"$30,000-$40,000",Full figured,37.0,White,Woman,78.0,34.0,-10.0,Agnosticism
Liberal / Left-wing,"Less than $20,000",Full figured,24.0,White,Woman,39.0,87.0,-10.0,Buddhism
Liberal / Left-wing,"Less than $20,000",Curvy,24.0,White,Woman,59.0,85.0,-10.0,Atheism
Liberal / Left-wing,"Less than $20,000",Average,26.0,White,Man,5.0,-25.0,55.0,Atheism
Liberal / Left-wing,"$20,000-$30,000",A little extra,31.0,White,Man,7.0,-40.0,16.0,Agnosticism
Liberal / Left-wing,"$80,000-$100,000",Overweight,41.0,White,Man,-4.0,-32.0,48.0,Atheism
Liberal / Left-wing,"$50,000-$60,000",Overweight,39.0,White,Man,-12.0,39.0,17.0,Catholicism
Centrist,"$70,000-$80,000",Athletic,55.0,White,Man,20.0,-19.0,34.0,Christianity
Centrist,"$20,000-$30,000",Overweight,28.0,White,Man,-69.0,14.0,-14.0,Christianity
Liberal / Left-wing,"$30,000-$40,000",Average,24.0,Mixed,Woman,27.0,11.0,5.0,Atheism
Centrist,"$70,000-$80,000",Average,42.0,White,Man,-66.0,-68.0,-25.0,Catholicism
Liberal / Left-wing,"$30,000-$40,000",Thin,49.0,White,Man,-19.0,57.0,61.0,Atheism
Liberal / Left-wing,"$100,000-$150,000",Athletic,42.0,Mixed,Man,-53.0,30.0,37.0,Christianity
Liberal / Left-wing,"$100,000-$150,000",Overweight,27.0,White,Man,-18.0,6.0,-22.0,Agnosticism
Liberal / Left-wing,"$40,000-$50,000",Average,38.0,White,Man,87.0,46.0,14.0,Agnosticism
Liberal / Left-wing,"$20,000-$30,000",Fit,32.0,White,Man,-24.0,3.0,29.0,Atheism
Liberal / Left-wing,"$30,000-$40,000",A little extra,27.0,Mixed,Woman,56.0,6.0,42.0,Atheism
Conservative / Right-wing,"$60,000-$70,000",Average,46.0,White,Man,-4.0,-89.0,-45.0,Christianity
Conservative / Right-wing,"$40,000-$50,000",Overweight,36.0,White,Man,-44.0,-13.0,16.0,Agnosticism
Liberal / Left-wing,"Less than $20,000",Average,28.0,Asian,Woman,-45.0,-6.0,-10.0,Agnosticism
Centrist,"$30,000-$40,000",Average,26.0,White,Man,-11.0,35.0,-50.0,Catholicism
Liberal / Left-wing,"$40,000-$50,000",Average,32.0,White,Man,5.0,-14.0,58.0,Atheism
Conservative / Right-wing,"$80,000-$100,000",A little extra,38.0,White,Man,-34.0,-54.0,-20.0,Christianity
Liberal / Left-wing,"$20,000-$30,000",Full figured,31.0,White,Woman,82.0,85.0,29.0,Atheism
Liberal / Left-wing,"$30,000-$40,000",Skinny,31.0,White,Man,-34.0,8.0,4.0,Agnosticism
Conservative / Right-wing,"$50,000-$60,000",Overweight,28.0,White,Woman,-88.0,-32.0,-32.0,Atheism
Conservative / Right-wing,"$60,000-$70,000",Fit,46.0,White,Man,-4.0,-42.0,-43.0,Christianity
Liberal / Left-wing,"$80,000-$100,000",Fit,36.0,White,Man,-22.0,15.0,12.0,Atheism
Centrist,"$30,000-$40,000",Average,40.0,White,Man,19.0,88.0,-9.0,Christianity
Liberal / Left-wing,"$20,000-$30,000",Overweight,34.0,Mixed,Woman,-65.0,51.0,21.0,Atheism
Liberal / Left-wing,"$50,000-$60,000",Average,49.0,White,Man,19.0,17.0,65.0,Atheism
Conservative / Right-wing,"$30,000-$40,000",Athletic,37.0,White,Man,-51.0,18.0,-60.0,Christianity
Liberal / Left-wing,"$30,000-$40,000",Overweight,34.0,White,Man,88.0,55.0,-5.0,Buddhism
Liberal / Left-wing,"$20,000-$30,000",Used up,40.0,Pacific Islander,Man,9.0,7.0,8.0,Agnosticism
Conservative / Right-wing,"$80,000-$100,000",A little extra,35.0,White,Man,-20.0,-13.0,-39.0,Catholicism
Centrist,"$30,000-$40,000",Fit,28.0,White,Man,61.0,40.0,-4.0,Atheism
Liberal / Left-wing,"$20,000-$30,000",Overweight,29.0,White,Woman,-10.0,67.0,-39.0,Christianity
Liberal / Left-wing,"$60,000-$70,000",Average,26.0,White,Man,61.0,-2.0,36.0,Atheism
Liberal / Left-wing,"$20,000-$30,000",Athletic,22.0,Mixed,Man,20.0,24.0,23.0,Agnosticism
Liberal / Left-wing,"Less than $20,000",Skinny,34.0,Mixed,Man,48.0,46.0,4.0,Agnosticism
Liberal / Left-wing,"$40,000-$50,000",Athletic,38.0,White,Man,10.0,-39.0,21.0,Agnosticism
Centrist,"$250,000-$500,000",Athletic,35.0,White,Man,27.0,-39.0,53.0,Judaism
Centrist,"$70,000-$80,000",Average,38.0,White,Man,-20.0,-13.0,-21.0,Catholicism
Liberal / Left-wing,"Less than $20,000",Overweight,29.0,Mixed,Man,-60.0,-62.0,16.0,Agnosticism
Centrist,"Less than $20,000",Average,32.0,White,Man,56.0,-20.0,59.0,Atheism
Conservative / Right-wing,"$40,000-$50,000",Overweight,29.0,White,Man,-4.0,-23.0,-19.0,Christianity
Liberal / Left-wing,"$20,000-$30,000",A little extra,29.0,White,Woman,-60.0,-69.0,-84.0,Christianity
Conservative / Right-wing,"$30,000-$40,000",Average,28.0,White,Man,-4.0,-85.0,-89.0,Christianity
Liberal / Left-wing,"$30,000-$40,000",Curvy,27.0,White,Woman,20.0,62.0,36.0,Atheism
Liberal / Left-wing,"$20,000-$30,000",Average,26.0,Hispanic / Latin,Man,-10.0,-65.0,36.0,Atheism
Liberal / Left-wing,"$50,000-$60,000",Full figured,35.0,White,Man,73.0,60.0,59.0,Agnosticism
Liberal / Left-wing,"$20,000-$30,000",Full figured,33.0,White,Woman,-85.0,-31.0,-34.0,Christianity
Conservative / Right-wing,"Less than $20,000",A little extra,52.0,White,Man,37.0,-30.0,14.0,Agnosticism
Liberal / Left-wing,"$40,000-$50,000",Fit,35.0,Hispanic / Latin,Woman,53.0,6.0,7.0,Agnosticism
Centrist,"$30,000-$40,000",Average,34.0,White,Man,-65.0,-31.0,14.0,Agnosticism
Centrist,"$40,000-$50,000",Average,47.0,White,Man,46.0,-57.0,27.0,Christianity
Conservative / Right-wing,"$20,000-$30,000",Fit,51.0,White,Man,53.0,-52.0,-14.0,Christianity
Liberal / Left-wing,"$20,000-$30,000",Average,28.0,White,Man,-13.0,-28.0,34.0,Atheism
Liberal / Left-wing,"Less than $20,000",Average,26.0,Mixed,Woman,-85.0,2.0,5.0,Atheism
Liberal / Left-wing,"$20,000-$30,000",Athletic,47.0,White,Man,92.0,73.0,62.0,Agnosticism
Liberal / Left-wing,"$30,000-$40,000",Overweight,27.0,White,Woman,30.0,-2.0,19.0,Agnosticism
Liberal / Left-wing,"$80,000-$100,000",Average,39.0,White,Man,88.0,39.0,21.0,Atheism
Liberal / Left-wing,"$50,000-$60,000",Average,41.0,White,Man,83.0,26.0,35.0,Atheism
Liberal / Left-wing,"Less than $20,000",Curvy,29.0,Mixed,Woman,-6.0,16.0,-66.0,Atheism
Liberal / Left-wing,"$30,000-$40,000",Overweight,32.0,White,Man,-6.0,-40.0,29.0,Atheism
Liberal / Left-wing,"$30,000-$40,000",Overweight,36.0,White,Man,-89.0,-65.0,44.0,Atheism
Liberal / Left-wing,"$40,000-$50,000",Full figured,39.0,Mixed,Woman,18.0,49.0,-6.0,Agnosticism
Conservative / Right-wing,"$50,000-$60,000",Average,63.0,White,Man,-14.0,-44.0,-32.0,Catholicism
Liberal / Left-wing,"$20,000-$30,000",Average,40.0,White,Man,-19.0,14.0,48.0,Atheism
Conservative / Right-wing,"$100,000-$150,000",Athletic,40.0,White,Man,-44.0,-45.0,-18.0,Christianity
Centrist,"$50,000-$60,000",Athletic,45.0,White,Man,-62.0,-35.0,-12.0,Christianity
Liberal / Left-wing,"$100,000-$150,000",A little extra,29.0,White,Woman,-18.0,62.0,-33.0,Christianity
Liberal / Left-wing,"$80,000-$100,000",A little extra,38.0,White,Man,-76.0,-12.0,26.0,Judaism
Centrist,"$80,000-$100,000",Average,49.0,White,Man,23.0,-35.0,35.0,Agnosticism
Liberal / Left-wing,"$150,000-$250,000",Overweight,45.0,White,Man,74.0,32.0,45.0,Atheism
Centrist,"$40,000-$50,000",A little extra,37.0,White,Man,-15.0,-79.0,17.0,Agnosticism
Conservative / Right-wing,"$70,000-$80,000",Overweight,40.0,White,Man,-24.0,-25.0,-9.0,Catholicism
Liberal / Left-wing,"$30,000-$40,000",Curvy,40.0,White,Man,72.0,44.0,62.0,Agnosticism
Liberal / Left-wing,"$50,000-$60,000",Average,34.0,White,Man,59.0,43.0,53.0,Atheism
Liberal / Left-wing,"Less than $20,000",Average,28.0,White,Woman,-52.0,62.0,-12.0,Agnosticism
Centrist,"$20,000-$30,000",Average,33.0,White,Man,-8.0,65.0,21.0,Agnosticism
Centrist,"$30,000-$40,000",A little extra,26.0,White,Woman,-74.0,-37.0,-66.0,Christianity
Liberal / Left-wing,"$30,000-$40,000",Skinny,31.0,White,Man,-63.0,-69.0,17.0,Agnosticism
Conservative / Right-wing,"$80,000-$100,000",Average,32.0,White,Man,-8.0,-39.0,21.0,Agnosticism
Centrist,"$30,000-$40,000",Thin,31.0,White,Woman,-76.0,49.0,-24.0,Christianity
Liberal / Left-wing,"$20,000-$30,000",Fit,33.0,Black,Man,13.0,-40.0,-34.0,Christianity
Centrist,"$20,000-$30,000",Average,26.0,White,Man,-10.0,-37.0,42.0,Atheism
Liberal / Left-wing,"$30,000-$40,000",Athletic,30.0,White,Man,-27.0,-33.0,29.0,Atheism
Liberal / Left-wing,"$60,000-$70,000",Curvy,26.0,White,Woman,-10.0,-17.0,-40.0,Catholicism
Liberal / Left-wing,"$70,000-$80,000",Average,28.0,White,Man,-6.0,-2.0,45.0,Atheism
Liberal / Left-wing,"$80,000-$100,000",Average,30.0,White,Man,38.0,6.0,16.0,Agnosticism
Liberal / Left-wing,"$30,000-$40,000",Full figured,30.0,White,Woman,-34.0,-13.0,-39.0,Christianity
Conservative / Right-wing,"$20,000-$30,000",Thin,37.0,White,Man,-12.0,-39.0,-10.0,Christianity
Liberal / Left-wing,"$40,000-$50,000",A little extra,32.0,White,Man,-60.0,59.0,-13.0,Christianity
Liberal / Left-wing,"$40,000-$50,000",Full figured,38.0,White,Man,-15.0,-39.0,21.0,Christianity
Liberal / Left-wing,"$100,000-$150,000",Overweight,48.0,White,Man,-24.0,12.0,11.0,Agnosticism
Centrist,"$50,000-$60,000",Athletic,33.0,White,Man,-15.0,-54.0,-31.0,Christianity
Liberal / Left-wing,"$60,000-$70,000",Curvy,28.0,Black,Woman,44.0,14.0,-2.0,Christianity
Liberal / Left-wing,"$20,000-$30,000",Full figured,30.0,White,Woman,-59.0,-26.0,44.0,Atheism
Centrist,"$50,000-$60,000",Thin,45.0,White,Man,41.0,-49.0,-2.0,Christianity
Liberal / Left-wing,"$30,000-$40,000",Fit,26.0,White,Man,56.0,36.0,38.0,Atheism
Liberal / Left-wing,"$100,000-$150,000",Average,38.0,White,Man,-42.0,6.0,56.0,Atheism
Centrist,"$20,000-$30,000",Average,26.0,White,Man,37.0,14.0,-24.0,Atheism
Liberal / Left-wing,"$100,000-$150,000",Average,42.0,White,Man,33.0,30.0,27.0,Agnosticism
Centrist,"$100,000-$150,000",Fit,50.0,White,Man,-9.0,30.0,61.0,Judaism
Conservative / Right-wing,"$80,000-$100,000",Athletic,49.0,White,Man,9.0,-49.0,-99.0,Catholicism
Centrist,"$20,000-$30,000",A little extra,38.0,White,Man,7.0,8.0,46.0,Agnosticism
Centrist,"$80,000-$100,000",A little extra,38.0,White,Man,13.0,-78.0,-34.0,Christianity
Liberal / Left-wing,"$50,000-$60,000",Average,31.0,White,Man,53.0,6.0,24.0,Atheism
Liberal / Left-wing,"$20,000-$30,000",Average,27.0,White,Man,30.0,40.0,-14.0,Catholicism
Liberal / Left-wing,"$60,000-$70,000",Average,28.0,Hispanic / Latin,Man,56.0,-53.0,5.0,Agnosticism
Liberal / Left-wing,"$50,000-$60,000",Average,39.0,White,Man,-15.0,13.0,24.0,Agnosticism
Centrist,"Less than $20,000",Thin,23.0,White,Man,61.0,42.0,16.0,Atheism
Liberal / Left-wing,"$30,000-$40,000",A little extra,45.0,White,Man,-29.0,54.0,-18.0,Christianity
Liberal / Left-wing,"$20,000-$30,000",Skinny,31.0,White,Man,60.0,34.0,-37.0,Christianity
Centrist,"$40,000-$50,000",Curvy,27.0,White,Woman,-6.0,-18.0,-30.0,Catholicism
Centrist,"Less than $20,000",Fit,21.0,White,Man,6.0,-23.0,3.0,Catholicism
Centrist,"$150,000-$250,000",Athletic,40.0,White,Man,6.0,-42.0,2.0,Christianity
Centrist,"$50,000-$60,000",A little extra,39.0,White,Man,-15.0,6.0,-20.0,Christianity
Centrist,"$50,000-$60,000",Curvy,39.0,Black,Woman,-59.0,-43.0,-76.0,Christianity
Conservative / Right-wing,"$20,000-$30,000",Overweight,46.0,White,Man,9.0,-25.0,35.0,Christianity
Liberal / Left-wing,"$100,000-$150,000",A little extra,66.0,White,Man,-14.0,58.0,-4.0,Christianity
Centrist,"$30,000-$40,000",Thin,31.0,White,Man,-59.0,-51.0,-13.0,Christianity
Liberal / Left-wing,"$80,000-$100,000",Overweight,38.0,White,Man,-24.0,-31.0,26.0,Agnosticism
Liberal / Left-wing,"Less than $20,000",A little extra,32.0,Mixed,Woman,-15.0,-40.0,-60.0,Christianity
Liberal / Left-wing,"$20,000-$30,000",Average,30.0,Black,Man,88.0,43.0,29.0,Agnosticism
Centrist,"$50,000-$60,000",A little extra,35.0,White,Man,96.0,-5.0,-37.0,Christianity
Liberal / Left-wing,"$60,000-$70,000",A little extra,41.0,White,Man,80.0,74.0,27.0,Agnosticism
Centrist,"$500,000-$1,000,000",Fit,39.0,Mixed,Man,10.0,8.0,-13.0,Catholicism
Liberal / Left-wing,"$60,000-$70,000",Average,32.0,White,Man,88.0,51.0,-50.0,Agnosticism
Centrist,"$70,000-$80,000",A little extra,46.0,White,Man,-44.0,32.0,2.0,Agnosticism
Liberal / Left-wing,"$30,000-$40,000",A little extra,30.0,Hispanic / Latin,Man,3.0,-20.0,26.0,Atheism
Centrist,"$70,000-$80,000",Fit,30.0,White,Man,-44.0,-69.0,53.0,Agnosticism
Centrist,"Less than $20,000",A little extra,28.0,White,Man,-59.0,-17.0,-47.0,Agnosticism
Liberal / Left-wing,"$20,000-$30,000",Fit,26.0,Mixed,Woman,-31.0,14.0,-14.0,Christianity
Liberal / Left-wing,"$60,000-$70,000",Average,48.0,White,Man,80.0,66.0,28.0,Atheism
Liberal / Left-wing,"$40,000-$50,000",Athletic,26.0,White,Man,66.0,32.0,11.0,Atheism
Liberal / Left-wing,"$100,000-$150,000",Thin,57.0,White,Man,71.0,54.0,77.0,Atheism
Liberal / Left-wing,"Less than $20,000",Average,27.0,White,Woman,59.0,42.0,19.0,Atheism
Conservative / Right-wing,"Less than $20,000",Average,35.0,White,Woman,-42.0,-61.0,-88.0,Christianity
Liberal / Left-wing,"$20,000-$30,000",Curvy,29.0,White,Woman,-81.0,11.0,-76.0,Christianity
Centrist,"$80,000-$100,000",Average,44.0,White,Man,-80.0,30.0,12.0,Catholicism
Liberal / Left-wing,"$80,000-$100,000",Average,42.0,White,Man,40.0,74.0,65.0,Atheism
Centrist,"$80,000-$100,000",Average,47.0,White,Man,19.0,-49.0,2.0,Judaism
Liberal / Left-wing,"$40,000-$50,000",Average,32.0,White,Man,-20.0,-48.0,24.0,Agnosticism
Conservative / Right-wing,"$20,000-$30,000",Curvy,29.0,White,Man,47.0,-35.0,-33.0,Christianity
Liberal / Left-wing,"$20,000-$30,000",Average,28.0,White,Man,-42.0,-37.0,-39.0,Christianity
Centrist,"$30,000-$40,000",A little extra,29.0,White,Woman,-42.0,-37.0,-14.0,Agnosticism
Liberal / Left-wing,"$60,000-$70,000",Full figured,49.0,White,Man,-29.0,12.0,27.0,Agnosticism
Liberal / Left-wing,"$20,000-$30,000",Average,43.0,White,Man,54.0,47.0,61.0,Atheism
Liberal / Left-wing,"Less than $20,000",A little extra,35.0,Mixed,Man,-12.0,34.0,7.0,Agnosticism
Liberal / Left-wing,"$100,000-$150,000",Thin,34.0,Mixed,Man,3.0,67.0,-31.0,Agnosticism
Conservative / Right-wing,"$40,000-$50,000",Athletic,41.0,White,Woman,-34.0,-61.0,-31.0,Christianity
Liberal / Left-wing,"$30,000-$40,000",A little extra,41.0,White,Man,63.0,-31.0,48.0,Atheism
Liberal / Left-wing,"$30,000-$40,000",Curvy,26.0,White,Woman,59.0,48.0,-39.0,Agnosticism
Liberal / Left-wing,"$50,000-$60,000",Athletic,29.0,White,Man,13.0,-30.0,36.0,Agnosticism
Centrist,"$100,000-$150,000",Fit,44.0,White,Man,-85.0,-23.0,37.0,Agnosticism
Centrist,"$40,000-$50,000",A little extra,28.0,White,Man,41.0,-2.0,7.0,Atheism
Liberal / Left-wing,"Less than $20,000",Average,25.0,White,Man,30.0,-53.0,19.0,Agnosticism
Liberal / Left-wing,"$50,000-$60,000",Overweight,42.0,White,Man,9.0,17.0,17.0,Atheism
Liberal / Left-wing,"$20,000-$30,000",Thin,42.0,White,Man,-16.0,14.0,-12.0,Buddhism
Liberal / Left-wing,"Less than $20,000",Average,32.0,White,Man,-44.0,80.0,17.0,Atheism
Conservative / Right-wing,"$30,000-$40,000",A little extra,31.0,White,Man,18.0,-18.0,14.0,Agnosticism
Centrist,"$40,000-$50,000",A little extra,31.0,Middle Eastern,Man,-80.0,-40.0,-21.0,Islam
Centrist,"$80,000-$100,000",Fit,44.0,White,Man,-34.0,12.0,27.0,Catholicism
Centrist,"$80,000-$100,000",Average,31.0,White,Man,-54.0,-61.0,29.0,Catholicism
Liberal / Left-wing,"$30,000-$40,000",Full figured,29.0,Black,Woman,27.0,-18.0,-14.0,Christianity
Centrist,"$80,000-$100,000",Athletic,38.0,White,Man,-15.0,-84.0,-48.0,Christianity
Liberal / Left-wing,"$20,000-$30,000",Full figured,32.0,Mixed,Woman,77.0,60.0,-48.0,Agnosticism
Centrist,"$100,000-$150,000",Average,37.0,Middle Eastern,Man,-44.0,-39.0,-6.0,Islam
Liberal / Left-wing,"$30,000-$40,000",A little extra,29.0,White,Man,44.0,11.0,48.0,Agnosticism
Centrist,"$30,000-$40,000",Full figured,38.0,White,Woman,50.0,23.0,-11.0,Christianity
Centrist,"Less than $20,000",Full figured,19.0,Hispanic / Latin,Man,-44.0,3.0,-4.0,Christianity
Centrist,"$30,000-$40,000",Average,40.0,White,Man,52.0,-32.0,41.0,Agnosticism
Liberal / Left-wing,"$40,000-$50,000",Average,28.0,Mixed,Man,-37.0,-42.0,45.0,Agnosticism
Conservative / Right-wing,"$50,000-$60,000",Fit,46.0,White,Woman,-16.0,-45.0,-48.0,Christianity
Liberal / Left-wing,"$50,000-$60,000",Average,35.0,White,Man,-47.0,46.0,26.0,Agnosticism
Liberal / Left-wing,"$50,000-$60,000",Full figured,46.0,White,Man,-8.0,26.0,17.0,Christianity
Centrist,"$60,000-$70,000",Average,45.0,White,Man,30.0,17.0,-31.0,Catholicism
Conservative / Right-wing,"$30,000-$40,000",Average,36.0,White,Man,-60.0,-84.0,-6.0,Christianity
Centrist,"$70,000-$80,000",Athletic,37.0,White,Man,10.0,34.0,-3.0,Agnosticism
Conservative / Right-wing,"$20,000-$30,000",Curvy,31.0,White,Woman,-42.0,3.0,-10.0,Christianity
Liberal / Left-wing,"More than $1,000,000",Athletic,41.0,Mixed,Man,40.0,-4.0,28.0,Atheism
Liberal / Left-wing,"$40,000-$50,000",Fit,41.0,White,Man,83.0,97.0,37.0,Atheism
Centrist,"$20,000-$30,000",A little extra,57.0,White,Man,63.0,-25.0,29.0,Atheism
Liberal / Left-wing,"$100,000-$150,000",A little extra,46.0,White,Man,97.0,2.0,45.0,Agnosticism
Conservative / Right-wing,"$40,000-$50,000",Average,37.0,White,Man,-60.0,-12.0,-80.0,Catholicism
Conservative / Right-wing,"$50,000-$60,000",Average,61.0,White,Man,58.0,-68.0,16.0,Christianity
Liberal / Left-wing,"$80,000-$100,000",Thin,41.0,White,Man,9.0,62.0,45.0,Agnosticism
Liberal / Left-wing,"$20,000-$30,000",Fit,30.0,White,Man,18.0,-59.0,53.0,Agnosticism
Liberal / Left-wing,"$40,000-$50,000",Curvy,46.0,White,Woman,-19.0,89.0,27.0,Agnosticism
Conservative / Right-wing,"$40,000-$50,000",Full figured,33.0,White,Woman,-89.0,-26.0,-60.0,Christianity
Liberal / Left-wing,"$80,000-$100,000",Average,35.0,White,Man,41.0,-54.0,29.0,Agnosticism
Centrist,"$80,000-$100,000",Average,53.0,White,Man,5.0,34.0,44.0,Atheism
Liberal / Left-wing,"Less than $20,000",A little extra,25.0,White,Woman,16.0,42.0,-20.0,Agnosticism
Liberal / Left-wing,"More than $1,000,000",Jacked,42.0,White,Man,-59.0,51.0,48.0,Atheism
Liberal / Left-wing,"$30,000-$40,000",Average,39.0,White,Man,27.0,67.0,29.0,Atheism
Liberal / Left-wing,"$20,000-$30,000",Jacked,34.0,White,Man,7.0,43.0,14.0,Agnosticism
Liberal / Left-wing,"$20,000-$30,000",A little extra,29.0,White,Man,16.0,27.0,-4.0,Catholicism
Liberal / Left-wing,"$20,000-$30,000",Curvy,30.0,Mixed,Woman,27.0,83.0,-24.0,Agnosticism
Centrist,"Less than $20,000",Average,43.0,White,Man,-37.0,-5.0,8.0,Agnosticism
Liberal / Left-wing,"$30,000-$40,000",Average,31.0,Black,Man,59.0,-31.0,7.0,Atheism
Centrist,"$40,000-$50,000",Average,32.0,White,Man,53.0,-12.0,29.0,Christianity
Conservative / Right-wing,"$40,000-$50,000",A little extra,40.0,Hispanic / Latin,Man,-16.0,-32.0,-9.0,Catholicism
Centrist,"$50,000-$60,000",Average,40.0,White,Man,-8.0,-35.0,45.0,Atheism
Liberal / Left-wing,"Less than $20,000",Curvy,27.0,White,Woman,-89.0,6.0,-22.0,Catholicism
Centrist,"$80,000-$100,000",Athletic,41.0,Mixed,Man,19.0,-25.0,12.0,Catholicism
Liberal / Left-wing,"$70,000-$80,000",Athletic,49.0,White,Man,91.0,17.0,37.0,Atheism
Liberal / Left-wing,"$20,000-$30,000",A little extra,26.0,Mixed,Man,-6.0,-37.0,48.0,Atheism
Conservative / Right-wing,"$20,000-$30,000",A little extra,31.0,Mixed,Woman,-82.0,-33.0,-34.0,Catholicism
Liberal / Left-wing,"$20,000-$30,000",A little extra,24.0,White,Man,-31.0,-23.0,48.0,Atheism
Centrist,"$30,000-$40,000",Average,34.0,White,Man,-34.0,-39.0,-13.0,Christianity
Liberal / Left-wing,"Less than $20,000",Average,26.0,White,Woman,44.0,28.0,-30.0,Agnosticism
Centrist,"$30,000-$40,000",Average,27.0,Hispanic / Latin,Man,-37.0,-6.0,36.0,Atheism
Liberal / Left-wing,"$100,000-$150,000",Fit,56.0,White,Man,-37.0,15.0,55.0,Atheism
Centrist,"Less than $20,000",Overweight,33.0,Asian,Man,-34.0,-66.0,-21.0,Christianity
Centrist,"$60,000-$70,000",Average,39.0,White,Man,41.0,-31.0,17.0,Atheism
Centrist,"$40,000-$50,000",Overweight,31.0,White,Man,38.0,23.0,17.0,Atheism
Centrist,"$80,000-$100,000",Average,44.0,White,Man,40.0,-5.0,61.0,Atheism
Centrist,"Less than $20,000",Overweight,32.0,Mixed,Woman,-85.0,8.0,53.0,Atheism
Liberal / Left-wing,"Less than $20,000",Average,40.0,Mixed,Man,-29.0,44.0,48.0,Atheism
Conservative / Right-wing,"$20,000-$30,000",Full figured,32.0,White,Man,-65.0,-84.0,-82.0,Christianity
Liberal / Left-wing,"$40,000-$50,000",A little extra,59.0,White,Man,79.0,15.0,3.0,Atheism
Conservative / Right-wing,"$40,000-$50,000",Average,29.0,Mixed,Man,44.0,-25.0,-43.0,Christianity
Liberal / Left-wing,"$20,000-$30,000",Average,29.0,White,Man,-6.0,71.0,-14.0,Atheism
Liberal / Left-wing,"$60,000-$70,000",Overweight,34.0,White,Man,50.0,-39.0,44.0,Atheism
Liberal / Left-wing,"$30,000-$40,000",Average,26.0,White,Man,75.0,-6.0,19.0,Agnosticism
Liberal / Left-wing,"$30,000-$40,000",Fit,52.0,White,Man,47.0,75.0,37.0,Agnosticism
Centrist,"Less than $20,000",A little extra,35.0,White,Man,56.0,-61.0,16.0,Agnosticism
Centrist,"$50,000-$60,000",Fit,29.0,White,Man,-45.0,-42.0,19.0,Atheism
Liberal / Left-wing,"$100,000-$150,000",Used up,39.0,White,Man,-32.0,21.0,44.0,Atheism
Liberal / Left-wing,"$30,000-$40,000",Average,38.0,White,Man,-27.0,43.0,7.0,Atheism
Centrist,"Less than $20,000",Thin,29.0,White,Man,-18.0,-17.0,-43.0,Atheism
Centrist,"$40,000-$50,000",Full figured,34.0,White,Man,-68.0,-74.0,-31.0,Christianity
Liberal / Left-wing,"Less than $20,000",Overweight,36.0,White,Man,-51.0,-13.0,7.0,Atheism
Liberal / Left-wing,"$20,000-$30,000",Full figured,37.0,White,Woman,10.0,-66.0,-10.0,Agnosticism
Liberal / Left-wing,"$50,000-$60,000",Full figured,34.0,White,Woman,80.0,35.0,24.0,Agnosticism
Centrist,"$20,000-$30,000",Average,29.0,Asian,Man,-25.0,-30.0,-22.0,Atheism
Liberal / Left-wing,"Less than $20,000",Athletic,35.0,White,Man,-78.0,-39.0,-76.0,Christianity
Liberal / Left-wing,"$50,000-$60,000",Fit,94.0,Middle Eastern,Woman,67.0,94.0,-50.0,Judaism
Conservative / Right-wing,"Less than $20,000",Average,34.0,Hispanic / Latin,Man,13.0,-33.0,-48.0,Catholicism
Centrist,"$100,000-$150,000",Fit,40.0,Mixed,Man,46.0,2.0,-9.0,Agnosticism
Liberal / Left-wing,"Less than $20,000",Average,28.0,White,Man,-10.0,-25.0,15.0,Atheism
Conservative / Right-wing,"$50,000-$60,000",Average,35.0,White,Man,18.0,-13.0,-5.0,Christianity
Liberal / Left-wing,"$50,000-$60,000",Overweight,32.0,White,Man,-6.0,23.0,16.0,Agnosticism
Centrist,"More than $1,000,000",Fit,34.0,White,Man,25.0,-40.0,46.0,Atheism
Centrist,"$20,000-$30,000",Overweight,31.0,White,Woman,-8.0,-5.0,-38.0,Agnosticism
Centrist,"$80,000-$100,000",Average,38.0,White,Man,3.0,-33.0,-10.0,Catholicism
Liberal / Left-wing,"$20,000-$30,000",A little extra,27.0,White,Man,66.0,67.0,16.0,Agnosticism
Centrist,"Less than $20,000",Full figured,18.0,Mixed,Man,-18.0,-23.0,-32.0,Catholicism
Liberal / Left-wing,"$100,000-$150,000",Fit,40.0,White,Man,-19.0,26.0,19.0,Judaism
Conservative / Right-wing,"$40,000-$50,000",A little extra,29.0,White,Man,27.0,-85.0,-66.0,Christianity
Conservative / Right-wing,"$80,000-$100,000",A little extra,24.0,White,Man,-14.0,-6.0,-45.0,Agnosticism
Conservative / Right-wing,"$70,000-$80,000",Average,28.0,White,Woman,56.0,67.0,-46.0,Christianity
Centrist,"$70,000-$80,000",Average,40.0,Black,Man,16.0,12.0,27.0,Atheism
Centrist,"$20,000-$30,000",A little extra,24.0,White,Man,9.0,-73.0,-69.0,Christianity
Centrist,"$40,000-$50,000",A little extra,37.0,Mixed,Man,-65.0,51.0,14.0,Atheism
Liberal / Left-wing,"$60,000-$70,000",Curvy,30.0,Native American,Woman,-44.0,23.0,-62.0,Catholicism
Centrist,"$40,000-$50,000",Average,26.0,White,Woman,-37.0,16.0,-10.0,Christianity
Conservative / Right-wing,"$40,000-$50,000",Average,25.0,White,Man,-66.0,-74.0,-19.0,Christianity
Conservative / Right-wing,"$20,000-$30,000",Average,39.0,White,Man,-60.0,-61.0,-81.0,Christianity
Liberal / Left-wing,"$20,000-$30,000",Average,29.0,White,Man,24.0,83.0,7.0,Atheism
Liberal / Left-wing,"Less than $20,000",Fit,26.0,White,Man,44.0,62.0,27.0,Atheism
Conservative / Right-wing,"$20,000-$30,000",Fit,37.0,Mixed,Man,-15.0,-61.0,-48.0,Christianity
Centrist,"$50,000-$60,000",A little extra,46.0,White,Man,-34.0,-32.0,-15.0,Christianity
Centrist,"$70,000-$80,000",Average,27.0,White,Man,39.0,-37.0,11.0,Agnosticism
Liberal / Left-wing,"$30,000-$40,000",Full figured,26.0,Black,Woman,39.0,63.0,-55.0,Christianity
Centrist,"$40,000-$50,000",Curvy,36.0,White,Woman,27.0,13.0,53.0,Atheism
Conservative / Right-wing,"$60,000-$70,000",Athletic,39.0,Black,Man,-34.0,-31.0,-31.0,Christianity
Liberal / Left-wing,"Less than $20,000",A little extra,33.0,White,Woman,82.0,87.0,50.0,Atheism
Liberal / Left-wing,"$30,000-$40,000",Fit,29.0,White,Man,-33.0,-77.0,19.0,Agnosticism
Centrist,"$80,000-$100,000",Fit,34.0,White,Man,-20.0,-59.0,29.0,Agnosticism
Conservative / Right-wing,"$40,000-$50,000",Average,31.0,White,Man,27.0,-26.0,-3.0,Christianity
Liberal / Left-wing,"$50,000-$60,000",Average,44.0,White,Man,-44.0,-4.0,37.0,Agnosticism
Conservative / Right-wing,"$40,000-$50,000",Full figured,31.0,White,Woman,-6.0,-59.0,-21.0,Catholicism
Liberal / Left-wing,"Less than $20,000",A little extra,43.0,White,Man,23.0,47.0,62.0,Atheism
Liberal / Left-wing,"$40,000-$50,000",A little extra,23.0,White,Woman,89.0,-42.0,-10.0,Atheism
Conservative / Right-wing,"$50,000-$60,000",Athletic,33.0,White,Man,3.0,-40.0,-74.0,Christianity
Conservative / Right-wing,"Less than $20,000",Overweight,32.0,White,Man,-42.0,-48.0,14.0,Atheism
Conservative / Right-wing,"$30,000-$40,000",Average,23.0,White,Man,59.0,-74.0,7.0,Agnosticism
Liberal / Left-wing,"$100,000-$150,000",Athletic,56.0,Mixed,Man,53.0,97.0,37.0,Agnosticism
Conservative / Right-wing,"$80,000-$100,000",Athletic,47.0,White,Man,-4.0,-35.0,-31.0,Christianity
Liberal / Left-wing,"$100,000-$150,000",Average,42.0,White,Man,27.0,-25.0,37.0,Christianity
Liberal / Left-wing,"$100,000-$150,000",Fit,41.0,White,Man,27.0,-13.0,72.0,Atheism
Liberal / Left-wing,"$100,000-$150,000",Average,54.0,White,Man,25.0,3.0,37.0,Agnosticism
Liberal / Left-wing,"$70,000-$80,000",Overweight,33.0,White,Man,41.0,-12.0,44.0,Atheism
Liberal / Left-wing,"$30,000-$40,000",Curvy,19.0,Mixed,Woman,63.0,77.0,-70.0,Christianity
Liberal / Left-wing,"$100,000-$150,000",Average,31.0,White,Man,18.0,3.0,56.0,Agnosticism
Conservative / Right-wing,"$40,000-$50,000",Full figured,28.0,White,Woman,-52.0,-69.0,-85.0,Christianity
Liberal / Left-wing,"$30,000-$40,000",Athletic,25.0,White,Man,24.0,71.0,16.0,Agnosticism
Liberal / Left-wing,"$30,000-$40,000",Athletic,47.0,White,Man,97.0,79.0,8.0,Agnosticism
Centrist,"$40,000-$50,000",Average,37.0,White,Man,-82.0,3.0,50.0,Judaism
Conservative / Right-wing,"$30,000-$40,000",A little extra,33.0,White,Woman,-80.0,-61.0,-88.0,Christianity
Centrist,"$30,000-$40,000",Average,33.0,White,Man,18.0,49.0,-13.0,Christianity
Liberal / Left-wing,"$30,000-$40,000",Athletic,45.0,White,Man,-26.0,22.0,62.0,Buddhism
Liberal / Left-wing,"$50,000-$60,000",Average,25.0,Mixed,Woman,56.0,48.0,-40.0,Agnosticism
Centrist,"$20,000-$30,000",Curvy,26.0,White,Woman,-42.0,-2.0,-10.0,Christianity
Liberal / Left-wing,"Less than $20,000",Overweight,26.0,White,Man,75.0,45.0,7.0,Atheism
Centrist,"$50,000-$60,000",Average,32.0,White,Man,-82.0,-69.0,26.0,Atheism
Conservative / Right-wing,"$20,000-$30,000",Full figured,44.0,White,Woman,-90.0,-80.0,-43.0,Christianity
Conservative / Right-wing,"$40,000-$50,000",A little extra,42.0,White,Man,-12.0,-84.0,-29.0,Christianity
Liberal / Left-wing,"$20,000-$30,000",Overweight,29.0,Hispanic / Latin,Woman,-77.0,-37.0,-14.0,Christianity
Liberal / Left-wing,"$100,000-$150,000",Fit,51.0,White,Man,75.0,72.0,28.0,Agnosticism
Conservative / Right-wing,"$40,000-$50,000",Fit,42.0,White,Man,13.0,-32.0,2.0,Catholicism
Liberal / Left-wing,"$100,000-$150,000",Athletic,27.0,White,Man,27.0,-2.0,15.0,Christianity
Liberal / Left-wing,"$100,000-$150,000",Average,36.0,Asian,Woman,-6.0,43.0,4.0,Agnosticism
Liberal / Left-wing,"More than $1,000,000",Average,27.0,Black,Woman,59.0,45.0,-33.0,Christianity
Conservative / Right-wing,"Less than $20,000",Average,43.0,White,Man,-16.0,12.0,-43.0,Christianity
Liberal / Left-wing,"$100,000-$150,000",Fit,36.0,White,Man,18.0,95.0,7.0,Atheism
Centrist,"$20,000-$30,000",Average,34.0,Mixed,Man,-32.0,34.0,-3.0,Christianity
Conservative / Right-wing,"$150,000-$250,000",Average,28.0,Hispanic / Latin,Woman,56.0,-2.0,11.0,Agnosticism
Liberal / Left-wing,"$30,000-$40,000",Average,32.0,Black,Man,10.0,-18.0,-48.0,Christianity
Conservative / Right-wing,"$70,000-$80,000",Average,30.0,White,Man,-8.0,-82.0,-62.0,Catholicism
Centrist,"$40,000-$50,000",Athletic,28.0,White,Man,66.0,-6.0,-14.0,Christianity
Conservative / Right-wing,"$100,000-$150,000",Athletic,45.0,White,Man,-29.0,-70.0,-31.0,Christianity
Centrist,"Less than $20,000",Curvy,26.0,White,Woman,-45.0,16.0,-4.0,Catholicism
Liberal / Left-wing,"$80,000-$100,000",Average,49.0,White,Man,13.0,14.0,12.0,Agnosticism
Liberal / Left-wing,"$80,000-$100,000",A little extra,35.0,White,Man,-27.0,-48.0,56.0,Agnosticism
Centrist,"$20,000-$30,000",Fit,30.0,White,Man,73.0,-13.0,21.0,Catholicism
Centrist,"$100,000-$150,000",Athletic,30.0,White,Man,-73.0,-31.0,24.0,Christianity
Liberal / Left-wing,"$60,000-$70,000",Fit,27.0,White,Man,-31.0,58.0,51.0,Atheism
Liberal / Left-wing,"$30,000-$40,000",Used up,41.0,White,Man,78.0,79.0,61.0,Atheism
Centrist,"$40,000-$50,000",Fit,32.0,White,Man,21.0,-26.0,29.0,Agnosticism
Liberal / Left-wing,"$80,000-$100,000",Fit,42.0,White,Man,-19.0,-5.0,12.0,Atheism
Liberal / Left-wing,"$50,000-$60,000",Overweight,34.0,White,Man,-37.0,-79.0,75.0,Atheism
Conservative / Right-wing,"$20,000-$30,000",A little extra,49.0,White,Man,80.0,-31.0,-45.0,Catholicism
Centrist,"$20,000-$30,000",A little extra,29.0,Asian,Woman,-37.0,-62.0,-29.0,Buddhism
Centrist,"$20,000-$30,000",Thin,27.0,White,Man,-18.0,36.0,19.0,Atheism
Liberal / Left-wing,"$50,000-$60,000",Curvy,25.0,Mixed,Man,85.0,28.0,16.0,Agnosticism
Liberal / Left-wing,"$20,000-$30,000",Fit,25.0,Black,Man,84.0,36.0,15.0,Agnosticism
Liberal / Left-wing,"Less than $20,000",Overweight,27.0,White,Woman,-45.0,-2.0,-43.0,Judaism
Centrist,"$50,000-$60,000",Average,56.0,White,Man,65.0,-30.0,19.0,Catholicism
Liberal / Left-wing,"$20,000-$30,000",Average,28.0,White,Man,82.0,93.0,42.0,Agnosticism
Centrist,"$20,000-$30,000",Average,34.0,White,Man,21.0,60.0,-11.0,Christianity
Liberal / Left-wing,"Less than $20,000",Average,32.0,White,Man,-37.0,3.0,16.0,Agnosticism
Centrist,"$30,000-$40,000",Average,26.0,White,Man,76.0,-2.0,19.0,Atheism
Liberal / Left-wing,"$60,000-$70,000",A little extra,35.0,White,Man,75.0,-48.0,7.0,Agnosticism
Centrist,"$30,000-$40,000",Average,38.0,White,Man,-27.0,-48.0,-39.0,Agnosticism
Centrist,"Less than $20,000",A little extra,25.0,White,Man,30.0,2.0,-2.0,Agnosticism
Centrist,"$40,000-$50,000",Curvy,30.0,Mixed,Woman,21.0,46.0,-13.0,Christianity
Centrist,"$100,000-$150,000",Average,44.0,White,Man,-59.0,-23.0,-9.0,Christianity
Centrist,"Less than $20,000",Curvy,28.0,Mixed,Woman,30.0,53.0,19.0,Buddhism
Conservative / Right-wing,"$20,000-$30,000",A little extra,33.0,White,Woman,-6.0,-39.0,-11.0,Christianity
Centrist,"$50,000-$60,000",Average,33.0,White,Man,-27.0,-26.0,-5.0,Atheism
Centrist,"$20,000-$30,000",Average,40.0,White,Man,23.0,51.0,17.0,Atheism
Centrist,"$30,000-$40,000",Average,31.0,White,Woman,66.0,23.0,-48.0,Agnosticism
Liberal / Left-wing,"$20,000-$30,000",Average,43.0,White,Man,-59.0,-5.0,-12.0,Catholicism
Conservative / Right-wing,"$100,000-$150,000",Average,43.0,White,Man,-24.0,-23.0,28.0,Judaism
Liberal / Left-wing,"More than $1,000,000",Average,35.0,White,Man,-6.0,65.0,16.0,Atheism
Centrist,"$150,000-$250,000",Athletic,50.0,White,Man,39.0,72.0,-14.0,Catholicism
Liberal / Left-wing,"$40,000-$50,000",Used up,30.0,White,Man,13.0,8.0,29.0,Atheism
Centrist,"$150,000-$250,000",Average,34.0,White,Man,13.0,35.0,16.0,Catholicism
Liberal / Left-wing,"$30,000-$40,000",A little extra,30.0,Mixed,Man,98.0,80.0,-37.0,Atheism
Centrist,"$100,000-$150,000",Average,35.0,White,Man,73.0,-65.0,50.0,Atheism
Liberal / Left-wing,"$70,000-$80,000",Fit,44.0,White,Man,86.0,-25.0,62.0,Agnosticism
Liberal / Left-wing,"$60,000-$70,000",Average,28.0,Mixed,Woman,-14.0,-23.0,-2.0,Atheism
Liberal / Left-wing,"$70,000-$80,000",Average,32.0,Black,Woman,-47.0,-69.0,-6.0,Christianity
Liberal / Left-wing,"$80,000-$100,000",Thin,31.0,White,Man,87.0,-39.0,14.0,Atheism
Liberal / Left-wing,"$20,000-$30,000",Overweight,32.0,Mixed,Man,35.0,49.0,-60.0,Christianity
Liberal / Left-wing,"Less than $20,000",Average,37.0,White,Man,87.0,39.0,4.0,Agnosticism
Centrist,"$80,000-$100,000",Athletic,31.0,White,Man,18.0,-43.0,-3.0,Catholicism
Liberal / Left-wing,"$250,000-$500,000",A little extra,39.0,White,Man,-24.0,8.0,60.0,Atheism
Liberal / Left-wing,"$40,000-$50,000",Fit,31.0,White,Man,73.0,60.0,59.0,Atheism
Liberal / Left-wing,"$60,000-$70,000",Average,27.0,White,Woman,82.0,-46.0,-10.0,Agnosticism
Conservative / Right-wing,"$50,000-$60,000",A little extra,42.0,White,Man,-24.0,-80.0,35.0,Atheism
Centrist,"Less than $20,000",Skinny,29.0,White,Man,-4.0,58.0,-19.0,Agnosticism
Liberal / Left-wing,"$40,000-$50,000",Overweight,40.0,White,Man,-34.0,14.0,72.0,Atheism
Centrist,"$100,000-$150,000",Fit,34.0,White,Man,-8.0,-43.0,60.0,Atheism
Conservative / Right-wing,"$50,000-$60,000",A little extra,35.0,White,Man,-54.0,-59.0,-39.0,Christianity
Centrist,"$70,000-$80,000",Average,37.0,White,Man,10.0,23.0,-13.0,Agnosticism
Centrist,"$30,000-$40,000",A little extra,29.0,White,Woman,-14.0,-37.0,-47.0,Catholicism
Liberal / Left-wing,"$100,000-$150,000",A little extra,38.0,Mixed,Man,94.0,83.0,16.0,Atheism
Liberal / Left-wing,"$150,000-$250,000",Fit,50.0,White,Man,44.0,70.0,58.0,Agnosticism
Conservative / Right-wing,"$80,000-$100,000",Average,27.0,White,Man,5.0,-44.0,-45.0,Catholicism
Liberal / Left-wing,"$20,000-$30,000",A little extra,23.0,White,Man,-14.0,-23.0,7.0,Agnosticism
Centrist,"Less than $20,000",Average,28.0,White,Woman,-48.0,36.0,-4.0,Atheism
Liberal / Left-wing,"$30,000-$40,000",Average,28.0,White,Woman,44.0,-86.0,16.0,Atheism
Centrist,"Less than $20,000",A little extra,34.0,White,Man,-37.0,39.0,56.0,Agnosticism
Liberal / Left-wing,"$80,000-$100,000",Curvy,34.0,White,Woman,-37.0,-13.0,17.0,Atheism
Liberal / Left-wing,"Less than $20,000",Average,33.0,White,Woman,73.0,43.0,14.0,Atheism
Centrist,"$150,000-$250,000",Fit,35.0,White,Man,27.0,43.0,26.0,Christianity
Conservative / Right-wing,"$20,000-$30,000",Average,33.0,White,Man,-32.0,-18.0,-5.0,Agnosticism
Liberal / Left-wing,"Less than $20,000",Average,27.0,White,Man,16.0,-23.0,19.0,Agnosticism
Conservative / Right-wing,"$40,000-$50,000",Athletic,50.0,White,Man,69.0,20.0,-16.0,Christianity
Centrist,"$70,000-$80,000",Athletic,40.0,Black,Man,9.0,-42.0,-12.0,Christianity
Liberal / Left-wing,"$100,000-$150,000",Average,36.0,White,Man,44.0,80.0,16.0,Atheism
Conservative / Right-wing,"$70,000-$80,000",A little extra,34.0,White,Man,-63.0,6.0,-10.0,Christianity
Liberal / Left-wing,"Less than $20,000",Overweight,21.0,White,Woman,-83.0,-29.0,31.0,Atheism
Liberal / Left-wing,"$80,000-$100,000",Average,32.0,White,Man,-47.0,-88.0,56.0,Atheism
Liberal / Left-wing,"Less than $20,000",Curvy,27.0,White,Woman,-25.0,48.0,16.0,Atheism
Centrist,"$20,000-$30,000",Average,28.0,Mixed,Man,-43.0,-19.0,-90.0,Christianity
Centrist,"$80,000-$100,000",Fit,40.0,Mixed,Man,-16.0,17.0,-18.0,Catholicism
Liberal / Left-wing,"$100,000-$150,000",Thin,36.0,White,Man,13.0,18.0,46.0,Agnosticism
Liberal / Left-wing,"$50,000-$60,000",Average,42.0,White,Man,-37.0,42.0,48.0,Agnosticism
Centrist,"$150,000-$250,000",Average,48.0,White,Man,-24.0,-4.0,41.0,Agnosticism
Liberal / Left-wing,"Less than $20,000",Curvy,36.0,White,Woman,-8.0,8.0,-20.0,Catholicism
Liberal / Left-wing,"More than $1,000,000",Average,32.0,White,Woman,-34.0,60.0,-34.0,Atheism
Liberal / Left-wing,"$30,000-$40,000",Average,34.0,White,Man,-24.0,34.0,-24.0,Catholicism
Conservative / Right-wing,"More than $1,000,000",Average,35.0,White,Man,-20.0,8.0,-21.0,Christianity
Centrist,"Less than $20,000",Average,28.0,White,Man,9.0,-18.0,51.0,Atheism
Conservative / Right-wing,"$60,000-$70,000",Average,43.0,White,Man,-8.0,17.0,27.0,Atheism
Conservative / Right-wing,"$100,000-$150,000",Average,36.0,White,Man,-44.0,-43.0,46.0,Atheism
Centrist,"$20,000-$30,000",Thin,33.0,White,Woman,-80.0,-13.0,14.0,Agnosticism
Liberal / Left-wing,"More than $1,000,000",Average,58.0,White,Man,5.0,-5.0,51.0,Atheism
Centrist,"Less than $20,000",Average,23.0,Mixed,Woman,59.0,36.0,27.0,Atheism
Liberal / Left-wing,"$20,000-$30,000",A little extra,34.0,White,Man,-20.0,55.0,59.0,Atheism
Liberal / Left-wing,"$20,000-$30,000",Curvy,24.0,Mixed,Woman,94.0,-35.0,-12.0,Agnosticism
Conservative / Right-wing,"$40,000-$50,000",Full figured,28.0,White,Woman,-14.0,-10.0,-66.0,Catholicism
Centrist,"$20,000-$30,000",A little extra,46.0,White,Man,23.0,2.0,54.0,Atheism
Centrist,"$30,000-$40,000",Fit,32.0,White,Man,-54.0,-12.0,-13.0,Catholicism
Liberal / Left-wing,"More than $1,000,000",Athletic,28.0,Mixed,Man,69.0,45.0,-2.0,Agnosticism
Liberal / Left-wing,"Less than $20,000",Overweight,35.0,White,Man,-63.0,-51.0,46.0,Atheism
Liberal / Left-wing,"$40,000-$50,000",A little extra,42.0,White,Man,-4.0,80.0,-17.0,Buddhism
Liberal / Left-wing,"$20,000-$30,000",Average,41.0,White,Man,6.0,2.0,-69.0,Christianity
Liberal / Left-wing,"$30,000-$40,000",A little extra,25.0,Asian,Woman,20.0,-2.0,11.0,Atheism
Liberal / Left-wing,"Less than $20,000",Used up,30.0,White,Man,66.0,3.0,46.0,Atheism
Centrist,"$50,000-$60,000",Overweight,32.0,White,Man,-34.0,-13.0,-48.0,Christianity
Liberal / Left-wing,"$80,000-$100,000",Average,40.0,White,Man,-37.0,-75.0,11.0,Atheism
Conservative / Right-wing,"$30,000-$40,000",Average,29.0,White,Man,-74.0,-90.0,-14.0,Christianity
Liberal / Left-wing,"$80,000-$100,000",Fit,31.0,White,Man,36.0,-14.0,15.0,Atheism
Centrist,"$100,000-$150,000",Athletic,30.0,White,Man,-59.0,6.0,29.0,Agnosticism
Liberal / Left-wing,"$50,000-$60,000",Overweight,31.0,White,Man,18.0,-26.0,29.0,Atheism
Liberal / Left-wing,"$40,000-$50,000",A little extra,41.0,Mixed,Man,23.0,30.0,44.0,Atheism
Centrist,"$20,000-$30,000",Average,28.0,White,Man,-60.0,-42.0,16.0,Atheism
Liberal / Left-wing,"$40,000-$50,000",Skinny,26.0,White,Man,30.0,40.0,-33.0,Atheism
Liberal / Left-wing,"$60,000-$70,000",Average,60.0,White,Man,74.0,58.0,40.0,Catholicism
Liberal / Left-wing,"Less than $20,000",Full figured,27.0,White,Woman,-52.0,11.0,19.0,Agnosticism
Conservative / Right-wing,"$30,000-$40,000",Curvy,31.0,White,Woman,-34.0,-74.0,-48.0,Christianity
Liberal / Left-wing,"$100,000-$150,000",Average,47.0,White,Man,16.0,30.0,62.0,Atheism
Centrist,"$50,000-$60,000",Fit,41.0,White,Man,-29.0,-31.0,-9.0,Agnosticism
Liberal / Left-wing,"$30,000-$40,000",Average,37.0,Hispanic / Latin,Man,5.0,-7.0,30.0,Agnosticism
Centrist,"$20,000-$30,000",Average,34.0,White,Man,56.0,51.0,-39.0,Christianity
Liberal / Left-wing,"$100,000-$150,000",Fit,27.0,Asian,Man,-10.0,-2.0,36.0,Atheism
Liberal / Left-wing,"$30,000-$40,000",Overweight,44.0,White,Man,30.0,-70.0,17.0,Atheism
Liberal / Left-wing,"Less than $20,000",Average,54.0,White,Man,-4.0,-10.0,-10.0,Christianity
Conservative / Right-wing,"$80,000-$100,000",Average,36.0,White,Man,35.0,-54.0,-10.0,Catholicism
Liberal / Left-wing,"$20,000-$30,000",A little extra,32.0,White,Man,-8.0,-18.0,-20.0,Christianity
Conservative / Right-wing,"$20,000-$30,000",Overweight,33.0,Black,Man,-24.0,-26.0,-21.0,Agnosticism
Centrist,"$50,000-$60,000",A little extra,33.0,Pacific Islander,Man,-37.0,-31.0,-11.0,Catholicism
Liberal / Left-wing,"$50,000-$60,000",Fit,28.0,White,Man,-22.0,-23.0,27.0,Atheism
Liberal / Left-wing,"Less than $20,000",Average,31.0,White,Man,-60.0,-20.0,59.0,Atheism
Liberal / Left-wing,"$80,000-$100,000",Thin,45.0,White,Man,59.0,62.0,62.0,Atheism
Liberal / Left-wing,"Less than $20,000",A little extra,28.0,White,Man,-48.0,63.0,-22.0,Christianity
Liberal / Left-wing,"$50,000-$60,000",Fit,48.0,White,Man,-8.0,62.0,2.0,Agnosticism
Liberal / Left-wing,"$20,000-$30,000",Average,25.0,White,Woman,-10.0,-17.0,-46.0,Agnosticism
Liberal / Left-wing,"$40,000-$50,000",Thin,29.0,White,Man,41.0,-10.0,11.0,Agnosticism
Centrist,"$40,000-$50,000",A little extra,31.0,White,Man,48.0,46.0,7.0,Atheism
Liberal / Left-wing,"$40,000-$50,000",Curvy,28.0,White,Woman,13.0,-69.0,7.0,Agnosticism
Liberal / Left-wing,"$80,000-$100,000",Average,56.0,White,Man,-4.0,25.0,28.0,Christianity
Liberal / Left-wing,"$20,000-$30,000",Skinny,36.0,White,Man,-8.0,3.0,36.0,Atheism
Conservative / Right-wing,"$30,000-$40,000",A little extra,32.0,White,Woman,-34.0,-13.0,-60.0,Christianity
Liberal / Left-wing,"$20,000-$30,000",Average,31.0,White,Man,44.0,51.0,29.0,Atheism
Liberal / Left-wing,"$20,000-$30,000",Thin,30.0,White,Woman,25.0,55.0,21.0,Agnosticism
Centrist,"$30,000-$40,000",Curvy,39.0,White,Woman,44.0,-5.0,-60.0,Christianity
Centrist,"$50,000-$60,000",Fit,39.0,White,Man,64.0,55.0,-5.0,Agnosticism
Centrist,"$70,000-$80,000",Average,43.0,White,Man,-62.0,17.0,2.0,Atheism
Conservative / Right-wing,"Less than $20,000",Skinny,21.0,Mixed,Woman,35.0,24.0,-5.0,Christianity
Liberal / Left-wing,"$100,000-$150,000",Athletic,30.0,White,Man,7.0,51.0,16.0,Agnosticism
Conservative / Right-wing,"$30,000-$40,000",Average,36.0,White,Man,-20.0,46.0,-48.0,Agnosticism
Conservative / Right-wing,"$20,000-$30,000",Average,28.0,White,Man,-77.0,-53.0,-14.0,Christianity
Conservative / Right-wing,"$40,000-$50,000",Average,39.0,White,Man,-49.0,6.0,-36.0,Christianity
Liberal / Left-wing,"Less than $20,000",Average,33.0,White,Man,18.0,-59.0,-71.0,Agnosticism
Liberal / Left-wing,"$30,000-$40,000",Athletic,29.0,White,Man,-64.0,-10.0,-33.0,Christianity
Liberal / Left-wing,"$20,000-$30,000",Average,29.0,White,Woman,9.0,32.0,-55.0,Agnosticism
Liberal / Left-wing,"More than $1,000,000",Fit,40.0,White,Man,-34.0,7.0,45.0,Atheism
Liberal / Left-wing,"$150,000-$250,000",Overweight,33.0,White,Man,-34.0,-40.0,63.0,Atheism
Liberal / Left-wing,"Less than $20,000",Average,27.0,White,Man,53.0,-58.0,16.0,Atheism
Liberal / Left-wing,"$50,000-$60,000",A little extra,38.0,White,Man,41.0,3.0,-6.0,Agnosticism
Conservative / Right-wing,"$50,000-$60,000",A little extra,34.0,White,Man,-37.0,-54.0,-21.0,Christianity
Centrist,"$40,000-$50,000",A little extra,34.0,White,Man,25.0,-33.0,44.0,Atheism
Liberal / Left-wing,"More than $1,000,000",Average,37.0,White,Man,56.0,-18.0,50.0,Agnosticism
Conservative / Right-wing,"More than $1,000,000",Full figured,34.0,White,Man,7.0,-31.0,-48.0,Catholicism
Liberal / Left-wing,"$40,000-$50,000",A little extra,38.0,White,Man,93.0,8.0,56.0,Atheism
Centrist,"Less than $20,000",Average,24.0,Mixed,Man,69.0,-42.0,-2.0,Catholicism
Conservative / Right-wing,"$100,000-$150,000",Fit,43.0,White,Man,52.0,-70.0,-9.0,Catholicism
Liberal / Left-wing,"$40,000-$50,000",Average,31.0,White,Man,-68.0,-48.0,29.0,Agnosticism
Liberal / Left-wing,"$60,000-$70,000",Average,32.0,White,Man,59.0,8.0,56.0,Agnosticism
Liberal / Left-wing,"$30,000-$40,000",Overweight,31.0,White,Man,71.0,3.0,21.0,Agnosticism
Liberal / Left-wing,"$20,000-$30,000",Fit,27.0,White,Man,30.0,45.0,-4.0,Atheism
Centrist,"$40,000-$50,000",Average,38.0,White,Woman,-63.0,-13.0,-31.0,Catholicism
Liberal / Left-wing,"$150,000-$250,000",Average,51.0,White,Man,20.0,25.0,34.0,Judaism
Liberal / Left-wing,"$80,000-$100,000",Fit,33.0,White,Man,59.0,6.0,29.0,Atheism
Liberal / Left-wing,"$20,000-$30,000",A little extra,27.0,Mixed,Man,-64.0,-25.0,-33.0,Catholicism
Liberal / Left-wing,"Less than $20,000",Thin,39.0,White,Man,59.0,23.0,21.0,Atheism
Liberal / Left-wing,"$30,000-$40,000",Average,46.0,White,Man,-24.0,-35.0,28.0,Atheism
Liberal / Left-wing,"$20,000-$30,000",Full figured,34.0,Mixed,Man,73.0,55.0,-10.0,Atheism
Liberal / Left-wing,"$20,000-$30,000",Full figured,35.0,White,Woman,-52.0,15.0,-11.0,Christianity
Liberal / Left-wing,"$50,000-$60,000",Average,33.0,White,Man,75.0,55.0,26.0,Atheism
Conservative / Right-wing,"$40,000-$50,000",Athletic,36.0,White,Man,48.0,-43.0,-34.0,Christianity
Centrist,"$50,000-$60,000",Fit,42.0,Mixed,Man,-16.0,30.0,37.0,Agnosticism
Centrist,"$30,000-$40,000",A little extra,41.0,White,Man,-53.0,-70.0,-18.0,Christianity
Liberal / Left-wing,"Less than $20,000",Overweight,24.0,White,Woman,-33.0,63.0,-4.0,Atheism
Liberal / Left-wing,"$20,000-$30,000",Average,28.0,White,Man,44.0,2.0,-39.0,Agnosticism
Liberal / Left-wing,"Less than $20,000",Thin,36.0,White,Man,-8.0,35.0,17.0,Agnosticism
Liberal / Left-wing,"Less than $20,000",Curvy,23.0,White,Woman,73.0,67.0,-22.0,Agnosticism
Liberal / Left-wing,"Less than $20,000",Thin,37.0,White,Man,-42.0,6.0,14.0,Atheism
Centrist,"Less than $20,000",A little extra,29.0,Asian,Woman,-6.0,-35.0,-47.0,Christianity
Liberal / Left-wing,"$100,000-$150,000",Overweight,35.0,White,Man,35.0,60.0,46.0,Atheism
Centrist,"Less than $20,000",Curvy,35.0,White,Woman,-68.0,35.0,-13.0,Christianity
Centrist,"Less than $20,000",A little extra,44.0,White,Woman,-34.0,-54.0,-31.0,Christianity
Conservative / Right-wing,"$60,000-$70,000",Athletic,43.0,White,Man,52.0,-49.0,-25.0,Christianity
Centrist,"$70,000-$80,000",Average,30.0,White,Woman,-51.0,-18.0,26.0,Atheism
Liberal / Left-wing,"Less than $20,000",A little extra,18.0,White,Woman,78.0,3.0,-48.0,Christianity
Liberal / Left-wing,"$80,000-$100,000",A little extra,45.0,White,Man,16.0,7.0,17.0,Christianity
Liberal / Left-wing,"Less than $20,000",Full figured,30.0,White,Woman,64.0,23.0,-5.0,Buddhism
Centrist,"$20,000-$30,000",A little extra,29.0,White,Man,59.0,-10.0,-14.0,Christianity
Liberal / Left-wing,"$30,000-$40,000",Full figured,32.0,White,Woman,-32.0,-13.0,-38.0,Christianity
Liberal / Left-wing,"$60,000-$70,000",A little extra,36.0,White,Man,-85.0,-18.0,4.0,Agnosticism
Liberal / Left-wing,"Less than $20,000",Curvy,19.0,White,Woman,-6.0,83.0,-15.0,Atheism
Liberal / Left-wing,"$80,000-$100,000",Average,45.0,White,Man,-53.0,-10.0,54.0,Atheism
Liberal / Left-wing,"$30,000-$40,000",Average,40.0,White,Man,40.0,32.0,28.0,Atheism
Liberal / Left-wing,"$150,000-$250,000",Average,33.0,White,Man,-80.0,72.0,26.0,Atheism
Centrist,"$100,000-$150,000",Fit,44.0,White,Man,49.0,12.0,27.0,Agnosticism
Liberal / Left-wing,"$30,000-$40,000",Average,31.0,White,Man,27.0,23.0,17.0,Agnosticism
Liberal / Left-wing,"$60,000-$70,000",Average,34.0,White,Man,13.0,-61.0,29.0,Atheism
Liberal / Left-wing,"$80,000-$100,000",A little extra,35.0,White,Man,10.0,8.0,14.0,Agnosticism
Centrist,"$40,000-$50,000",Curvy,49.0,White,Woman,9.0,14.0,35.0,Atheism
Centrist,"$40,000-$50,000",Curvy,30.0,White,Woman,-20.0,-79.0,-10.0,Christianity
Centrist,"$30,000-$40,000",Average,35.0,White,Man,-42.0,-13.0,21.0,Atheism
Liberal / Left-wing,"$20,000-$30,000",Full figured,29.0,White,Woman,66.0,78.0,-40.0,Buddhism
Liberal / Left-wing,"$20,000-$30,000",Fit,33.0,White,Man,-6.0,21.0,59.0,Atheism
Centrist,"Less than $20,000",Full figured,25.0,Mixed,Woman,-60.0,70.0,-22.0,Christianity
Conservative / Right-wing,"$70,000-$80,000",Average,32.0,White,Man,59.0,-43.0,-48.0,Christianity
Liberal / Left-wing,"Less than $20,000",Curvy,19.0,Asian,Woman,53.0,17.0,-27.0,Christianity
Liberal / Left-wing,"$40,000-$50,000",Average,32.0,White,Man,50.0,6.0,16.0,Agnosticism
Centrist,"$30,000-$40,000",Full figured,27.0,White,Woman,-18.0,-23.0,-10.0,Catholicism
Liberal / Left-wing,"Less than $20,000",Overweight,23.0,White,Woman,81.0,6.0,-57.0,Atheism
Centrist,"$70,000-$80,000",Thin,42.0,White,Man,9.0,57.0,8.0,Agnosticism
Centrist,"$20,000-$30,000",Average,34.0,White,Man,-32.0,-74.0,59.0,Atheism
Conservative / Right-wing,"Less than $20,000",Overweight,28.0,White,Man,73.0,-30.0,-46.0,Catholicism
Centrist,"$20,000-$30,000",A little extra,36.0,Black,Man,-68.0,-39.0,-50.0,Christianity
Liberal / Left-wing,"$30,000-$40,000",A little extra,35.0,White,Man,-51.0,-31.0,59.0,Agnosticism
Conservative / Right-wing,"$50,000-$60,000",A little extra,34.0,White,Man,18.0,-39.0,-31.0,Catholicism
Centrist,"$20,000-$30,000",Average,24.0,White,Man,-60.0,-46.0,-14.0,Christianity
Liberal / Left-wing,"$30,000-$40,000",Average,36.0,White,Man,-24.0,8.0,-5.0,Agnosticism
Liberal / Left-wing,"$20,000-$30,000",Average,29.0,White,Man,41.0,70.0,-40.0,Christianity
Liberal / Left-wing,"$70,000-$80,000",Thin,37.0,White,Man,77.0,72.0,21.0,Atheism
Centrist,"$100,000-$150,000",Average,27.0,White,Man,63.0,27.0,-2.0,Agnosticism
Conservative / Right-wing,"$80,000-$100,000",A little extra,48.0,Hispanic / Latin,Man,43.0,-5.0,-17.0,Catholicism
Centrist,"$30,000-$40,000",Average,24.0,White,Man,71.0,-17.0,27.0,Atheism
Liberal / Left-wing,"$50,000-$60,000",A little extra,31.0,White,Man,58.0,6.0,17.0,Agnosticism
Liberal / Left-wing,"$60,000-$70,000",A little extra,31.0,White,Woman,-82.0,8.0,44.0,Atheism
Liberal / Left-wing,"$30,000-$40,000",Full figured,29.0,White,Woman,-66.0,27.0,-46.0,Agnosticism
Conservative / Right-wing,"$70,000-$80,000",Average,37.0,White,Woman,10.0,-26.0,-21.0,Catholicism
Centrist,"$70,000-$80,000",Average,35.0,White,Man,-42.0,-5.0,14.0,Buddhism
Liberal / Left-wing,"$30,000-$40,000",Average,43.0,White,Man,13.0,59.0,37.0,Atheism
Liberal / Left-wing,"$40,000-$50,000",Fit,26.0,White,Man,-4.0,36.0,19.0,Atheism
Conservative / Right-wing,"$20,000-$30,000",Average,35.0,White,Man,-27.0,-40.0,-13.0,Christianity
Liberal / Left-wing,"More than $1,000,000",Used up,32.0,Mixed,Man,92.0,-40.0,45.0,Buddhism
Liberal / Left-wing,"Less than $20,000",A little extra,27.0,White,Man,-6.0,-35.0,-14.0,Christianity
Liberal / Left-wing,"Less than $20,000",Average,28.0,White,Man,66.0,6.0,-12.0,Catholicism
Centrist,"$20,000-$30,000",Curvy,25.0,White,Woman,-10.0,-2.0,-40.0,Catholicism
Liberal / Left-wing,"$30,000-$40,000",Fit,51.0,White,Man,-41.0,25.0,33.0,Agnosticism
Liberal / Left-wing,"$70,000-$80,000",Overweight,30.0,White,Woman,13.0,46.0,-48.0,Judaism
Liberal / Left-wing,"$20,000-$30,000",A little extra,26.0,White,Woman,-42.0,-18.0,-22.0,Agnosticism
Centrist,"$150,000-$250,000",A little extra,39.0,White,Man,93.0,-31.0,29.0,Atheism
Liberal / Left-wing,"$50,000-$60,000",Average,36.0,White,Man,-65.0,6.0,24.0,Atheism
Conservative / Right-wing,"Less than $20,000",Average,38.0,Hispanic / Latin,Man,-51.0,-18.0,-37.0,Christianity
Liberal / Left-wing,"$50,000-$60,000",Thin,30.0,White,Man,-8.0,-31.0,46.0,Atheism
Centrist,"$40,000-$50,000",Average,33.0,White,Man,50.0,-61.0,-76.0,Christianity
Centrist,"Less than $20,000",Thin,28.0,White,Man,-45.0,-85.0,-57.0,Christianity
Liberal / Left-wing,"$40,000-$50,000",Average,43.0,White,Man,-19.0,30.0,37.0,Atheism
Liberal / Left-wing,"$60,000-$70,000",Curvy,49.0,White,Woman,-37.0,7.0,27.0,Agnosticism
Liberal / Left-wing,"$30,000-$40,000",Average,24.0,White,Woman,56.0,93.0,7.0,Atheism
Liberal / Left-wing,"$30,000-$40,000",Thin,41.0,White,Man,57.0,-42.0,44.0,Atheism
Conservative / Right-wing,"$30,000-$40,000",A little extra,33.0,White,Man,-15.0,-12.0,-31.0,Christianity
Liberal / Left-wing,"$20,000-$30,000",Thin,33.0,White,Man,84.0,6.0,16.0,Atheism
Liberal / Left-wing,"$50,000-$60,000",Fit,48.0,Mixed,Man,76.0,59.0,27.0,Atheism
Conservative / Right-wing,"Less than $20,000",Curvy,29.0,White,Woman,-37.0,-17.0,-29.0,Agnosticism
Conservative / Right-wing,"$100,000-$150,000",Athletic,38.0,White,Man,-34.0,-31.0,-11.0,Christianity
Centrist,"$30,000-$40,000",Fit,27.0,White,Man,30.0,-18.0,-14.0,Agnosticism
Centrist,"$30,000-$40,000",Average,25.0,White,Woman,-14.0,53.0,-14.0,Agnosticism
Liberal / Left-wing,"$30,000-$40,000",Overweight,35.0,White,Man,-15.0,39.0,36.0,Agnosticism
Centrist,"Less than $20,000",Thin,33.0,White,Man,27.0,-18.0,-13.0,Agnosticism
Liberal / Left-wing,"Less than $20,000",Curvy,28.0,Mixed,Woman,-4.0,6.0,-30.0,Buddhism
Liberal / Left-wing,"$80,000-$100,000",Average,39.0,Black,Man,-47.0,35.0,4.0,Atheism
Centrist,"$60,000-$70,000",Full figured,31.0,Black,Woman,-12.0,-65.0,-3.0,Christianity
Liberal / Left-wing,"$60,000-$70,000",Average,48.0,White,Man,-26.0,44.0,48.0,Atheism
Centrist,"$80,000-$100,000",Average,39.0,White,Man,44.0,-31.0,46.0,Agnosticism
Liberal / Left-wing,"$30,000-$40,000",A little extra,33.0,White,Man,82.0,-18.0,16.0,Atheism
Liberal / Left-wing,"$20,000-$30,000",Full figured,24.0,White,Man,96.0,-10.0,55.0,Atheism
Centrist,"$40,000-$50,000",Average,34.0,White,Man,-73.0,-31.0,17.0,Atheism
Conservative / Right-wing,"$100,000-$150,000",Jacked,37.0,White,Man,-44.0,-31.0,-3.0,Catholicism
Liberal / Left-wing,"$80,000-$100,000",Full figured,35.0,White,Man,48.0,-48.0,56.0,Atheism
Centrist,"$60,000-$70,000",Jacked,28.0,White,Man,5.0,-65.0,45.0,Atheism
Liberal / Left-wing,"Less than $20,000",Curvy,36.0,White,Woman,-6.0,69.0,-21.0,Atheism
Liberal / Left-wing,"$20,000-$30,000",Average,41.0,White,Man,13.0,-10.0,17.0,Atheism
Liberal / Left-wing,"$20,000-$30,000",Average,41.0,White,Man,23.0,12.0,21.0,Atheism
Conservative / Right-wing,"$30,000-$40,000",Average,34.0,White,Man,-84.0,-12.0,-50.0,Christianity
Liberal / Left-wing,"Less than $20,000",Average,26.0,White,Man,16.0,-53.0,51.0,Atheism
Centrist,"$20,000-$30,000",Overweight,31.0,White,Man,-51.0,-31.0,4.0,Agnosticism
Liberal / Left-wing,"$250,000-$500,000",Fit,68.0,White,Man,86.0,35.0,35.0,Atheism
Conservative / Right-wing,"$150,000-$250,000",Athletic,39.0,White,Man,73.0,-18.0,-5.0,Christianity
Conservative / Right-wing,"Less than $20,000",Average,27.0,White,Woman,-73.0,-90.0,-66.0,Catholicism
Liberal / Left-wing,"Less than $20,000",Full figured,22.0,White,Woman,49.0,24.0,-7.0,Christianity
Liberal / Left-wing,"$20,000-$30,000",Average,31.0,White,Man,-60.0,-26.0,26.0,Agnosticism
Liberal / Left-wing,"$30,000-$40,000",Thin,28.0,White,Man,39.0,-2.0,38.0,Agnosticism
Liberal / Left-wing,"More than $1,000,000",Jacked,30.0,White,Woman,35.0,67.0,-5.0,Atheism
Liberal / Left-wing,"$20,000-$30,000",Average,30.0,White,Man,-12.0,21.0,-50.0,Agnosticism
Liberal / Left-wing,"$20,000-$30,000",A little extra,29.0,White,Man,41.0,-35.0,16.0,Atheism
Liberal / Left-wing,"$100,000-$150,000",Average,47.0,White,Man,54.0,-25.0,73.0,Agnosticism
Liberal / Left-wing,"$40,000-$50,000",Fit,32.0,White,Man,-20.0,18.0,29.0,Agnosticism
Conservative / Right-wing,"$30,000-$40,000",Curvy,26.0,White,Woman,-25.0,14.0,-84.0,Catholicism
Conservative / Right-wing,"Less than $20,000",Fit,25.0,White,Man,-10.0,-53.0,-30.0,Christianity
Liberal / Left-wing,"$30,000-$40,000",Average,31.0,White,Woman,-54.0,43.0,-24.0,Christianity
Liberal / Left-wing,"$40,000-$50,000",A little extra,36.0,White,Man,-37.0,8.0,-48.0,Christianity
Conservative / Right-wing,"Less than $20,000",A little extra,29.0,White,Man,9.0,-73.0,15.0,Agnosticism
Liberal / Left-wing,"$40,000-$50,000",Curvy,33.0,White,Woman,46.0,-19.0,30.0,Atheism
Conservative / Right-wing,"$150,000-$250,000",Fit,28.0,White,Man,66.0,-62.0,27.0,Atheism
Liberal / Left-wing,"$100,000-$150,000",Fit,44.0,White,Man,33.0,47.0,-48.0,Christianity
Liberal / Left-wing,"$40,000-$50,000",A little extra,28.0,White,Man,24.0,-10.0,7.0,Agnosticism
Conservative / Right-wing,"$60,000-$70,000",Average,46.0,White,Man,-29.0,-68.0,-9.0,Christianity
Conservative / Right-wing,"$20,000-$30,000",Thin,36.0,White,Man,-72.0,-13.0,-21.0,Christianity
Conservative / Right-wing,"$40,000-$50,000",Average,32.0,White,Man,88.0,-26.0,-80.0,Catholicism
Centrist,"$20,000-$30,000",Full figured,26.0,White,Woman,66.0,48.0,-20.0,Catholicism
Centrist,"$150,000-$250,000",Athletic,41.0,Asian,Man,-44.0,-49.0,27.0,Catholicism
Liberal / Left-wing,"$70,000-$80,000",Fit,25.0,White,Man,5.0,-65.0,15.0,Agnosticism
Centrist,"$20,000-$30,000",A little extra,39.0,White,Man,27.0,-54.0,36.0,Agnosticism
Liberal / Left-wing,"Less than $20,000",Fit,29.0,White,Man,47.0,36.0,7.0,Atheism
Liberal / Left-wing,"$20,000-$30,000",Fit,29.0,White,Man,-18.0,16.0,45.0,Atheism
Liberal / Left-wing,"$100,000-$150,000",Fit,47.0,White,Man,59.0,-31.0,67.0,Agnosticism
Liberal / Left-wing,"$40,000-$50,000",Average,30.0,Hispanic / Latin,Man,10.0,-31.0,56.0,Atheism
Liberal / Left-wing,"$30,000-$40,000",Thin,49.0,White,Man,54.0,74.0,8.0,Agnosticism
Liberal / Left-wing,"$100,000-$150,000",Thin,46.0,White,Man,-16.0,7.0,45.0,Atheism
Liberal / Left-wing,"$50,000-$60,000",Athletic,30.0,White,Man,48.0,-59.0,-50.0,Christianity
Centrist,"$20,000-$30,000",Full figured,27.0,White,Woman,-10.0,28.0,-66.0,Christianity
Liberal / Left-wing,"$100,000-$150,000",Average,44.0,White,Man,43.0,-42.0,48.0,Atheism
Liberal / Left-wing,"Less than $20,000",Curvy,38.0,Mixed,Woman,73.0,77.0,-70.0,Agnosticism
Centrist,"$80,000-$100,000",A little extra,31.0,White,Woman,-6.0,-18.0,16.0,Atheism
Liberal / Left-wing,"Less than $20,000",Skinny,24.0,White,Man,47.0,63.0,38.0,Agnosticism
Liberal / Left-wing,"Less than $20,000",A little extra,36.0,White,Man,50.0,-31.0,44.0,Atheism
Centrist,"$50,000-$60,000",Average,51.0,White,Man,50.0,36.0,62.0,Agnosticism
Centrist,"$20,000-$30,000",Overweight,28.0,Mixed,Man,20.0,62.0,-2.0,Agnosticism
Liberal / Left-wing,"$30,000-$40,000",Average,33.0,White,Man,27.0,-51.0,50.0,Atheism
Centrist,"$20,000-$30,000",Overweight,34.0,White,Man,-42.0,18.0,-50.0,Catholicism
Liberal / Left-wing,"$40,000-$50,000",Thin,30.0,White,Man,18.0,34.0,50.0,Atheism
Centrist,"$70,000-$80,000",Overweight,31.0,Asian,Man,-60.0,-48.0,16.0,Atheism
Centrist,"$60,000-$70,000",Average,40.0,White,Man,-57.0,32.0,-9.0,Catholicism
Conservative / Right-wing,"$80,000-$100,000",Average,44.0,Mixed,Man,46.0,-10.0,37.0,Agnosticism
Liberal / Left-wing,"$20,000-$30,000",A little extra,31.0,Mixed,Man,-15.0,82.0,-37.0,Christianity
Centrist,"$50,000-$60,000",Fit,41.0,White,Man,30.0,14.0,37.0,Christianity
Liberal / Left-wing,"$70,000-$80,000",Average,35.0,White,Man,77.0,23.0,29.0,Atheism
Conservative / Right-wing,"$50,000-$60,000",Fit,39.0,White,Woman,-60.0,-48.0,-13.0,Christianity
Centrist,"$30,000-$40,000",Thin,43.0,White,Man,-8.0,-17.0,45.0,Agnosticism
Liberal / Left-wing,"Less than $20,000",Overweight,28.0,White,Woman,20.0,42.0,-47.0,Agnosticism
Liberal / Left-wing,"$20,000-$30,000",Average,33.0,White,Man,-8.0,13.0,4.0,Atheism
Liberal / Left-wing,"$20,000-$30,000",Full figured,32.0,White,Woman,93.0,18.0,36.0,Atheism
Liberal / Left-wing,"$30,000-$40,000",Overweight,29.0,White,Man,71.0,-23.0,38.0,Atheism
Liberal / Left-wing,"Less than $20,000",Average,28.0,White,Woman,-69.0,27.0,-69.0,Agnosticism
Conservative / Right-wing,"$40,000-$50,000",Fit,40.0,Asian,Man,-53.0,-7.0,21.0,Agnosticism
Liberal / Left-wing,"$70,000-$80,000",A little extra,35.0,White,Man,27.0,-26.0,26.0,Agnosticism
Conservative / Right-wing,"$40,000-$50,000",A little extra,33.0,Hispanic / Latin,Man,25.0,-5.0,-38.0,Christianity
Conservative / Right-wing,"$20,000-$30,000",Curvy,27.0,White,Woman,-60.0,-37.0,-43.0,Catholicism
Liberal / Left-wing,"$50,000-$60,000",Full figured,39.0,White,Woman,13.0,21.0,-46.0,Christianity
Centrist,"$250,000-$500,000",Athletic,48.0,White,Man,63.0,17.0,-9.0,Christianity
Conservative / Right-wing,"$20,000-$30,000",A little extra,30.0,White,Man,-89.0,-39.0,-34.0,Christianity
Centrist,"$80,000-$100,000",Fit,35.0,Asian,Man,-47.0,-61.0,-31.0,Buddhism
Centrist,"Less than $20,000",Athletic,29.0,White,Man,-64.0,-23.0,-29.0,Christianity
Centrist,"Less than $20,000",Overweight,29.0,White,Man,-33.0,-92.0,-19.0,Atheism
Liberal / Left-wing,"$80,000-$100,000",Fit,35.0,White,Man,-17.0,-23.0,17.0,Agnosticism
Liberal / Left-wing,"$100,000-$150,000",Athletic,36.0,White,Man,91.0,-40.0,8.0,Agnosticism
Liberal / Left-wing,"$70,000-$80,000",Average,32.0,White,Man,-50.0,49.0,18.0,Agnosticism
Centrist,"$80,000-$100,000",Average,33.0,White,Man,-46.0,-41.0,37.0,Christianity
Liberal / Left-wing,"Less than $20,000",Average,48.0,White,Man,21.0,55.0,29.0,Catholicism
Conservative / Right-wing,"$20,000-$30,000",Average,30.0,White,Man,-84.0,-84.0,-58.0,Christianity
Liberal / Left-wing,"$80,000-$100,000",Average,38.0,Mixed,Man,-52.0,-71.0,17.0,Agnosticism
Liberal / Left-wing,"Less than $20,000",Jacked,34.0,White,Woman,34.0,54.0,-19.0,Atheism
Centrist,"$20,000-$30,000",Average,27.0,Mixed,Man,-29.0,-85.0,-39.0,Christianity
Liberal / Left-wing,"$20,000-$30,000",Average,37.0,White,Man,-32.0,3.0,6.0,Christianity
Liberal / Left-wing,"$40,000-$50,000",Average,37.0,White,Man,68.0,-20.0,37.0,Atheism
Centrist,"$80,000-$100,000",A little extra,42.0,White,Man,-48.0,45.0,-2.0,Agnosticism
Centrist,"$50,000-$60,000",A little extra,29.0,White,Man,-9.0,-38.0,-38.0,Christianity
Liberal / Left-wing,"$100,000-$150,000",Fit,32.0,White,Man,34.0,-71.0,53.0,Atheism
Centrist,"$20,000-$30,000",Fit,36.0,White,Man,63.0,67.0,-8.0,Buddhism
Conservative / Right-wing,"$50,000-$60,000",Average,36.0,White,Woman,-72.0,-79.0,-9.0,Catholicism
Conservative / Right-wing,"$70,000-$80,000",Used up,38.0,White,Man,26.0,-14.0,17.0,Agnosticism
Liberal / Left-wing,"$20,000-$30,000",Average,29.0,Hispanic / Latin,Man,25.0,45.0,-83.0,Christianity
Conservative / Right-wing,"$60,000-$70,000",Average,44.0,White,Man,-26.0,30.0,-64.0,Christianity
Centrist,"$40,000-$50,000",Curvy,36.0,Hispanic / Latin,Woman,63.0,21.0,-3.0,Catholicism
Conservative / Right-wing,"$100,000-$150,000",Average,28.0,White,Man,-9.0,-84.0,20.0,Atheism
Centrist,"$30,000-$40,000",Average,28.0,Mixed,Man,46.0,-45.0,-3.0,Agnosticism
Liberal / Left-wing,"$20,000-$30,000",Average,33.0,Mixed,Man,40.0,69.0,17.0,Atheism
Liberal / Left-wing,"$100,000-$150,000",Fit,32.0,White,Man,5.0,54.0,30.0,Agnosticism
Liberal / Left-wing,"$40,000-$50,000",Thin,31.0,White,Man,-25.0,-20.0,56.0,Atheism
Liberal / Left-wing,"$100,000-$150,000",Average,37.0,White,Man,48.0,23.0,17.0,Atheism
Liberal / Left-wing,"$20,000-$30,000",Average,31.0,White,Man,3.0,26.0,32.0,Atheism
Liberal / Left-wing,"Less than $20,000",Overweight,42.0,Hispanic / Latin,Man,76.0,14.0,12.0,Agnosticism
Conservative / Right-wing,"$20,000-$30,000",Fit,30.0,White,Man,88.0,23.0,-5.0,Christianity
Liberal / Left-wing,"$20,000-$30,000",Average,44.0,White,Man,78.0,2.0,37.0,Atheism
Liberal / Left-wing,"$20,000-$30,000",Average,32.0,Hispanic / Latin,Man,-15.0,-59.0,26.0,Agnosticism
Liberal / Left-wing,"$40,000-$50,000",Average,35.0,White,Man,59.0,13.0,29.0,Atheism
Liberal / Left-wing,"$40,000-$50,000",Fit,44.0,White,Man,33.0,-57.0,65.0,Atheism
Liberal / Left-wing,"$20,000-$30,000",Average,26.0,White,Man,-59.0,-23.0,36.0,Agnosticism
Centrist,"$50,000-$60,000",A little extra,36.0,White,Man,-20.0,-39.0,-3.0,Catholicism
Liberal / Left-wing,"$50,000-$60,000",Average,34.0,Mixed,Woman,-32.0,-20.0,-31.0,Catholicism
Liberal / Left-wing,"$30,000-$40,000",Average,39.0,Hispanic / Latin,Woman,-20.0,8.0,53.0,Atheism
Centrist,"$40,000-$50,000",Fit,33.0,Mixed,Man,-51.0,23.0,26.0,Atheism
Centrist,"$20,000-$30,000",Average,27.0,White,Man,-25.0,2.0,-29.0,Christianity
Liberal / Left-wing,"$30,000-$40,000",Fit,29.0,White,Man,-52.0,-37.0,36.0,Atheism
Liberal / Left-wing,"Less than $20,000",Thin,26.0,White,Man,-59.0,-2.0,45.0,Atheism
Liberal / Left-wing,"$30,000-$40,000",Fit,35.0,White,Man,27.0,23.0,26.0,Agnosticism
Liberal / Left-wing,"$30,000-$40,000",Average,27.0,White,Man,-77.0,-73.0,36.0,Agnosticism
Liberal / Left-wing,"$40,000-$50,000",Overweight,31.0,White,Man,-12.0,-40.0,29.0,Atheism
Liberal / Left-wing,"$70,000-$80,000",Curvy,31.0,White,Man,36.0,21.0,29.0,Atheism
Liberal / Left-wing,"$20,000-$30,000",Fit,30.0,White,Man,40.0,58.0,45.0,Atheism
Liberal / Left-wing,"Less than $20,000",Curvy,27.0,White,Woman,89.0,32.0,-79.0,Christianity
Liberal / Left-wing,"$30,000-$40,000",Average,42.0,White,Man,15.0,52.0,27.0,Judaism
Liberal / Left-wing,"$70,000-$80,000",A little extra,32.0,White,Man,88.0,-2.0,50.0,Agnosticism
Liberal / Left-wing,"$60,000-$70,000",Average,38.0,White,Man,59.0,6.0,-10.0,Atheism
Liberal / Left-wing,"Less than $20,000",Average,30.0,White,Man,44.0,-20.0,44.0,Atheism
Centrist,"$80,000-$100,000",Fit,34.0,White,Man,-8.0,-33.0,7.0,Agnosticism
Liberal / Left-wing,"$80,000-$100,000",Fit,51.0,White,Man,52.0,63.0,19.0,Agnosticism
Liberal / Left-wing,"$40,000-$50,000",Average,28.0,White,Woman,24.0,16.0,38.0,Judaism
Liberal / Left-wing,"More than $1,000,000",Jacked,37.0,Mixed,Man,18.0,80.0,17.0,Atheism
Liberal / Left-wing,"Less than $20,000",Thin,38.0,White,Man,60.0,59.0,-13.0,Agnosticism
Liberal / Left-wing,"Less than $20,000",A little extra,46.0,White,Man,57.0,77.0,8.0,Agnosticism
Centrist,"$50,000-$60,000",A little extra,36.0,White,Man,56.0,3.0,-3.0,Christianity
Liberal / Left-wing,"$30,000-$40,000",Full figured,31.0,White,Woman,-12.0,67.0,26.0,Atheism
Liberal / Left-wing,"$30,000-$40,000",Average,56.0,White,Man,17.0,63.0,82.0,Atheism
Centrist,"$30,000-$40,000",Curvy,30.0,White,Woman,55.0,-2.0,-19.0,Christianity
Liberal / Left-wing,"$30,000-$40,000",Overweight,35.0,White,Man,60.0,3.0,26.0,Atheism
Conservative / Right-wing,"Less than $20,000",Overweight,37.0,White,Man,18.0,21.0,-21.0,Christianity
Centrist,"Less than $20,000",Average,32.0,White,Man,8.0,6.0,-33.0,Christianity
Liberal / Left-wing,"$40,000-$50,000",Curvy,33.0,White,Woman,19.0,34.0,6.0,Atheism
Conservative / Right-wing,"$70,000-$80,000",Athletic,43.0,White,Man,-19.0,-31.0,-15.0,Catholicism
Liberal / Left-wing,"$30,000-$40,000",A little extra,31.0,White,Man,78.0,23.0,-10.0,Catholicism
